Account,Compound Score,Date,Negative Score,Neutral Score,Positive Score,Text
CBS News,0.0,Wed Mar 07 20:30:32 +0000 2018,1.0,0.0,0.0,"What's a WcDonald's? The McDonald's in Lynwood, California, flipped their golden arches upside down -- but the Amer… https://t.co/pFCI9QqBvt"
CBS News,0.0,Wed Mar 07 20:06:11 +0000 2018,1.0,0.0,0.0,"Q: ""This president was a businessman before he became a politician. Understanding business, if there's high turnove… https://t.co/XxIaSR8dTV"
CBS News,0.5719,Wed Mar 07 20:03:14 +0000 2018,0.829,0.0,0.171,".@PressSec on Stormy Daniels: ""As I outlined earlier, this case had already been won in arbitration. And that there… https://t.co/KQHGZdNp6q"
CBS News,0.0,Wed Mar 07 19:52:22 +0000 2018,1.0,0.0,0.0,"Q: ""Why are so many people leaving this administration?""
@PressSec: ""This administration has had a historic first y… https://t.co/diMVlhi96I"
CBS News,-0.1027,Wed Mar 07 19:50:17 +0000 2018,0.8,0.11,0.09,WATCH LIVE: @PressSec Sarah Huckabee Sanders holds White House briefing following resignation of top Trump aide Gar… https://t.co/jd9RxFYVyX
CBS News,0.5859,Wed Mar 07 19:29:01 +0000 2018,0.798,0.0,0.202,Anonymous New Hampshire Powerball winner plans to donate portion of $559 million jackpot to charity:… https://t.co/K7Q5j8YOIe
CBS News,0.2023,Wed Mar 07 18:59:31 +0000 2018,0.766,0.099,0.135,"NEW: Broward County Grand Jury indicts Florida school shooting suspect Nikolas Cruz, charging him with 17 counts of… https://t.co/qhjdqFuTNt"
CBS News,-0.5574,Wed Mar 07 18:55:01 +0000 2018,0.816,0.184,0.0,The Trump administration is lifting the ban on importing sport-hunted elephant trophies from several African countr… https://t.co/yH7Psdw7C8
CBS News,0.3818,Wed Mar 07 18:40:32 +0000 2018,0.874,0.0,0.126,"Sonic announced a new burger that replaces part of the beef in patties with mushrooms. The company promises ""juicy… https://t.co/Br97QbjpYd"
CBS News,-0.743,Wed Mar 07 18:20:01 +0000 2018,0.741,0.259,0.0,British police say they believe a Russian former spy and his daughter were poisoned with a nerve agent; attack is b… https://t.co/Y77Et6UpGv
CBS News,0.3182,Wed Mar 07 18:12:04 +0000 2018,0.797,0.076,0.127,"RT @CBSThisMorning: On this day 53 years ago, peaceful protesters in Selma, Alabama, began a march across the Edmund Pettus Bridge in a dem…"
CBS News,0.0,Wed Mar 07 18:05:38 +0000 2018,1.0,0.0,0.0,"FBI Director Christopher Wray says hacking has ""mushroomed into full-blown economic espionage""… https://t.co/4OHMh9FU3P"
CBS News,-0.2263,Wed Mar 07 18:01:16 +0000 2018,0.909,0.091,0.0,"California Gov. Jerry Brown responds to federal immigration lawsuit against the state: ""I do think this is pure red… https://t.co/h89fmElU6i"
CBS News,0.0,Wed Mar 07 17:56:03 +0000 2018,1.0,0.0,0.0,"“Look, we know the Trump administration is full of liars,” California Gov. Jerry Brown says in response to AG Sessi… https://t.co/IeAwUbE5rR"
CBS News,0.4215,Wed Mar 07 17:52:34 +0000 2018,0.865,0.0,0.135,"""California is in the business of public safety. We're not in the business of deportations,"" California Attorney Ge… https://t.co/ZHTUqOoEOl"
CBS News,0.4767,Wed Mar 07 17:47:05 +0000 2018,0.866,0.0,0.134,"""Here in California, we respect the law and the Constitution. We expect the federal government to do the same,"" Cal… https://t.co/PPzdsbpAOZ"
CBS News,-0.2263,Wed Mar 07 17:44:23 +0000 2018,0.863,0.137,0.0,WATCH LIVE: California attorney general responds to Trump administration lawsuit over immigration… https://t.co/pYeuCsDmFj
CBS News,0.0,Wed Mar 07 17:40:58 +0000 2018,1.0,0.0,0.0,"""We believe the two people originally who became unwell were targeted specifically,"" British police say of former R… https://t.co/7YXahKUnku"
CBS News,-0.6908,Wed Mar 07 17:38:15 +0000 2018,0.773,0.227,0.0,"""This is being treated as a major incident involving attempted murder by administration of a nerve agent,"" British… https://t.co/GLNhsEgG7c"
CBS News,0.0,Wed Mar 07 17:32:01 +0000 2018,1.0,0.0,0.0,"The McCaffrey family is known for football, but now they can add ""lifesavers"" to their lengthy list of accomplishme… https://t.co/3AsiShIY0F"
CBS News,0.0,Wed Mar 07 20:30:32 +0000 2018,1.0,0.0,0.0,"What's a WcDonald's? The McDonald's in Lynwood, California, flipped their golden arches upside down -- but the Amer… https://t.co/pFCI9QqBvt"
CBS News,0.0,Wed Mar 07 20:06:11 +0000 2018,1.0,0.0,0.0,"Q: ""This president was a businessman before he became a politician. Understanding business, if there's high turnove… https://t.co/XxIaSR8dTV"
CBS News,0.5719,Wed Mar 07 20:03:14 +0000 2018,0.829,0.0,0.171,".@PressSec on Stormy Daniels: ""As I outlined earlier, this case had already been won in arbitration. And that there… https://t.co/KQHGZdNp6q"
CBS News,0.0,Wed Mar 07 19:52:22 +0000 2018,1.0,0.0,0.0,"Q: ""Why are so many people leaving this administration?""
@PressSec: ""This administration has had a historic first y… https://t.co/diMVlhi96I"
CBS News,-0.1027,Wed Mar 07 19:50:17 +0000 2018,0.8,0.11,0.09,WATCH LIVE: @PressSec Sarah Huckabee Sanders holds White House briefing following resignation of top Trump aide Gar… https://t.co/jd9RxFYVyX
CBS News,0.5859,Wed Mar 07 19:29:01 +0000 2018,0.798,0.0,0.202,Anonymous New Hampshire Powerball winner plans to donate portion of $559 million jackpot to charity:… https://t.co/K7Q5j8YOIe
CBS News,0.2023,Wed Mar 07 18:59:31 +0000 2018,0.766,0.099,0.135,"NEW: Broward County Grand Jury indicts Florida school shooting suspect Nikolas Cruz, charging him with 17 counts of… https://t.co/qhjdqFuTNt"
CBS News,-0.5574,Wed Mar 07 18:55:01 +0000 2018,0.816,0.184,0.0,The Trump administration is lifting the ban on importing sport-hunted elephant trophies from several African countr… https://t.co/yH7Psdw7C8
CBS News,0.3818,Wed Mar 07 18:40:32 +0000 2018,0.874,0.0,0.126,"Sonic announced a new burger that replaces part of the beef in patties with mushrooms. The company promises ""juicy… https://t.co/Br97QbjpYd"
CBS News,-0.743,Wed Mar 07 18:20:01 +0000 2018,0.741,0.259,0.0,British police say they believe a Russian former spy and his daughter were poisoned with a nerve agent; attack is b… https://t.co/Y77Et6UpGv
CBS News,0.3182,Wed Mar 07 18:12:04 +0000 2018,0.797,0.076,0.127,"RT @CBSThisMorning: On this day 53 years ago, peaceful protesters in Selma, Alabama, began a march across the Edmund Pettus Bridge in a dem…"
CBS News,0.0,Wed Mar 07 18:05:38 +0000 2018,1.0,0.0,0.0,"FBI Director Christopher Wray says hacking has ""mushroomed into full-blown economic espionage""… https://t.co/4OHMh9FU3P"
CBS News,-0.2263,Wed Mar 07 18:01:16 +0000 2018,0.909,0.091,0.0,"California Gov. Jerry Brown responds to federal immigration lawsuit against the state: ""I do think this is pure red… https://t.co/h89fmElU6i"
CBS News,0.0,Wed Mar 07 17:56:03 +0000 2018,1.0,0.0,0.0,"“Look, we know the Trump administration is full of liars,” California Gov. Jerry Brown says in response to AG Sessi… https://t.co/IeAwUbE5rR"
CBS News,0.4215,Wed Mar 07 17:52:34 +0000 2018,0.865,0.0,0.135,"""California is in the business of public safety. We're not in the business of deportations,"" California Attorney Ge… https://t.co/ZHTUqOoEOl"
CBS News,0.4767,Wed Mar 07 17:47:05 +0000 2018,0.866,0.0,0.134,"""Here in California, we respect the law and the Constitution. We expect the federal government to do the same,"" Cal… https://t.co/PPzdsbpAOZ"
CBS News,-0.2263,Wed Mar 07 17:44:23 +0000 2018,0.863,0.137,0.0,WATCH LIVE: California attorney general responds to Trump administration lawsuit over immigration… https://t.co/pYeuCsDmFj
CBS News,0.0,Wed Mar 07 17:40:58 +0000 2018,1.0,0.0,0.0,"""We believe the two people originally who became unwell were targeted specifically,"" British police say of former R… https://t.co/7YXahKUnku"
CBS News,-0.6908,Wed Mar 07 17:38:15 +0000 2018,0.773,0.227,0.0,"""This is being treated as a major incident involving attempted murder by administration of a nerve agent,"" British… https://t.co/GLNhsEgG7c"
CBS News,0.0,Wed Mar 07 17:32:01 +0000 2018,1.0,0.0,0.0,"The McCaffrey family is known for football, but now they can add ""lifesavers"" to their lengthy list of accomplishme… https://t.co/3AsiShIY0F"
CBS News,0.0,Wed Mar 07 17:28:31 +0000 2018,1.0,0.0,0.0,"NEW: ""Any suggestion that we had prior knowledge of the Trump administration’s announcement of new tariffs on steel… https://t.co/qnqAv1suya"
CBS News,0.0,Wed Mar 07 17:25:12 +0000 2018,1.0,0.0,0.0,"""This is our time, this is our moment. Go get DACA. Go push those Democrats,"" President Trump says… https://t.co/WWPQnfYIPc"
CBS News,0.25,Wed Mar 07 17:22:40 +0000 2018,0.913,0.0,0.087,"""What we are witnessing now is the rebirth of the American dream. Everybody in the world is talking about it,"" Pres… https://t.co/TucajVd7gG"
CBS News,0.0,Wed Mar 07 17:07:46 +0000 2018,1.0,0.0,0.0,"WATCH LIVE: President Trump addresses the Latino Coalition Legislative Summit in Washington, D.C.… https://t.co/G5LxSpfOhN"
CBS News,-0.25,Wed Mar 07 16:55:02 +0000 2018,0.9,0.1,0.0,Rep. Nancy Pelosi donates her dress and gavel from her swearing in as the first woman House speaker:… https://t.co/gL2yv7NSGL
CBS News,0.0,Wed Mar 07 16:37:50 +0000 2018,1.0,0.0,0.0,"""So here is my message to [Oakland, Calif., Mayor Libby] Schaaf: How dare you needlessly endanger the lives of our… https://t.co/Uaqmjv5p9r"
CBS News,-0.6096,Wed Mar 07 16:32:42 +0000 2018,0.589,0.289,0.122,"“A refusal to apprehend and deport those, especially the criminal element, effectively rejects all immigration law.… https://t.co/53p6MEm4hG"
CBS News,-0.6705,Wed Mar 07 16:30:01 +0000 2018,0.78,0.22,0.0,Authorities have identified a police officer who was killed in a shooting in Missouri as 30-year-old Christopher Ry… https://t.co/zhOE7CtsMf
CBS News,-0.2263,Wed Mar 07 16:22:55 +0000 2018,0.894,0.106,0.0,WATCH LIVE: Attorney General Jeff Sessions unveils lawsuit against California over the state's sanctuary city polic… https://t.co/blyXr1xSbP
CBS News,0.0,Wed Mar 07 16:15:01 +0000 2018,1.0,0.0,0.0,"British officials say they have ""more information"" in the case of a Russian ex-spy who was found slumped on a publi… https://t.co/RaEw5TehL7"
CBS News,0.0,Wed Mar 07 16:00:02 +0000 2018,1.0,0.0,0.0,Police are responding to a standoff situation at a home in eastern Alabama after multiple people were shot at a res… https://t.co/emCJB0LNBK
CBS News,0.0,Wed Mar 07 15:45:25 +0000 2018,1.0,0.0,0.0,"Parker Curry, the little girl who met Michelle Obama after a photo of her staring at the former first lady's portra… https://t.co/FAVme65syW"
CBS News,0.4215,Wed Mar 07 15:34:52 +0000 2018,0.774,0.0,0.226,"“Let’s be clear, I think to say ‘arming teachers’ — is an oversimplification and a mischaracterization,” Education… https://t.co/tRm6UOCvWC"
CBS News,0.0,Wed Mar 07 15:22:33 +0000 2018,1.0,0.0,0.0,"A wave of exits from the White House are sparking talk of potential ""brain drain"" that will only make it more diffi… https://t.co/optkbuULHh"
CBS News,0.0,Wed Mar 07 15:05:27 +0000 2018,1.0,0.0,0.0,"Waves are still pounding the shores of Massachusetts coastal communities, where crews are rushing to fix crumbling… https://t.co/YKphStZ1vN"
CBS News,0.1779,Wed Mar 07 14:47:02 +0000 2018,0.779,0.095,0.126,"Stormy Daniels has no ""desire"" to profit from story of an alleged affair with President Trump, her lawyer says:… https://t.co/IPFuOSEpPY"
CBS News,0.0,Wed Mar 07 14:38:39 +0000 2018,1.0,0.0,0.0,NEW: The Dow Jones industrial average plunges about 300 points at market open amid chief economic adviser Gary Cohn… https://t.co/NCXmUI3UfS
CBS News,-0.3612,Wed Mar 07 14:30:46 +0000 2018,0.811,0.189,0.0,Is a 4-day school week the answer to low teacher pay? 210 schools in Oklahoma think so. https://t.co/BhuqXUZD3C
CBS News,-0.4404,Wed Mar 07 14:15:01 +0000 2018,0.847,0.153,0.0,"Sen. Cory Gardner says to take renewed North Korea talks with ""an entire salt block"" https://t.co/6AXwctdB80 https://t.co/PcoGCfaue5"
CBS News,-0.5267,Wed Mar 07 14:00:04 +0000 2018,0.825,0.175,0.0,"Another snowy, windy nor'easter is threatening a new round of power outages, raising concerns for utility customers… https://t.co/pGZOZBCkVx"
CBS News,0.3612,Wed Mar 07 13:44:46 +0000 2018,0.884,0.0,0.116,"Krysten Ritter has appeared in hit shows like “Gilmore Girls,” “Veronica Mars,” and “Breaking Bad.” She is now play… https://t.co/jESqOe55G8"
CBS News,-0.5106,Wed Mar 07 13:41:43 +0000 2018,0.837,0.163,0.0,AHEAD on @CBSThisMorning: Actress Krysten Ritter reveals why her character in Marvel’s “Jessica Jones” is angrier t… https://t.co/27jH18JflI
CBS News,-0.6369,Wed Mar 07 13:40:01 +0000 2018,0.772,0.228,0.0,Teachers in Oklahoma could be the next to go on strike over low wages. Educators there are the 2nd lowest paid in t… https://t.co/IHvINBMxzv
CBS News,0.6486,Wed Mar 07 13:37:41 +0000 2018,0.762,0.0,0.238,Pres. Trump is welcoming N. Korea’s apparent openness to negotiations about its nuclear program. It’s not yet clear… https://t.co/Yycfq7oUD5
CBS News,0.0,Wed Mar 07 13:33:34 +0000 2018,1.0,0.0,0.0,Here’s a look at some of this morning’s other headlines on @CBSThisMorning https://t.co/024kZjqEvf
CBS News,0.296,Wed Mar 07 13:31:46 +0000 2018,0.879,0.0,0.121,Stoneman Douglas Students performed at New York’s Carnegie Hall three weeks after surviving the school shooting… https://t.co/70fbIpeK1a
CBS News,0.0,Wed Mar 07 13:24:39 +0000 2018,1.0,0.0,0.0,"Art came to life for one little girl, when she finally met her idol. Two-year-old Parker Curry was in awe of the of… https://t.co/qv3BDScIrY"
CBS News,-0.4019,Wed Mar 07 13:20:01 +0000 2018,0.87,0.13,0.0,"U.S. stock market futures indicate big losses on Wednesday, with Dow futures sinking 1.3%, amid Gary Cohn's departu… https://t.co/PQ4fiyeyk5"
CBS News,-0.4588,Wed Mar 07 13:18:38 +0000 2018,0.857,0.143,0.0,New evidence finds the nation's deadly opioid epidemic is worsening. A report from the CDC shows a nearly 30% jump… https://t.co/5ww1pAHGrT
CBS News,-0.5423,Wed Mar 07 13:12:28 +0000 2018,0.731,0.192,0.078,"The opioid abuse epidemic is growing despite efforts to contain it. Ahead on @CBSThisMorning, @drtaranarula joins t… https://t.co/16CvDwt2xm"
CBS News,-0.8074,Wed Mar 07 13:09:14 +0000 2018,0.672,0.328,0.0,Nashville has a new acting mayor after the city's previous mayor pleaded guilty to felony theft &amp; resigned. Megan B… https://t.co/l0ghOPoEWT
CBS News,0.0,Wed Mar 07 13:05:47 +0000 2018,1.0,0.0,0.0,.@CBSNewYork’s @LonnieQuinnTV is tracking the storm and has more on the forecast https://t.co/3UJjujmAb8 https://t.co/qRTaCl1tKS
CBS News,-0.296,Wed Mar 07 13:04:58 +0000 2018,0.909,0.091,0.0,Tens of millions of people in the east are dealing with the second big storm in a week. Winter storm warnings are a… https://t.co/kvc0UxgGfZ
CBS News,-0.296,Wed Mar 07 13:00:24 +0000 2018,0.849,0.151,0.0,"WATCH: Dash cam video shows a tree falling onto power lines, making sparks fly and narrowly miss a man during last… https://t.co/iXo6ujtwZe"
CBS News,-0.6318,Wed Mar 07 12:53:52 +0000 2018,0.795,0.205,0.0,"RT @CBSThisMorning: ""She wants to tell her story because there's been so much misinformation out there and so much misinformation that's be…"
CBS News,0.0,Wed Mar 07 12:53:38 +0000 2018,1.0,0.0,0.0,Here’s a look at some of this morning’s other headlines on @CBSThisMorning https://t.co/vDrx8Ntgye
CBS News,0.4019,Wed Mar 07 12:48:44 +0000 2018,0.87,0.0,0.13,Former first lady Michelle Obama had an impromptu dance party with one of her youngest fans. Ahead on… https://t.co/AtB0zTKRM3
CBS News,-0.6369,Wed Mar 07 12:44:17 +0000 2018,0.763,0.237,0.0,Teachers in Oklahoma could be the next to go on strike over low wages. Educators there are the second lowest paid i… https://t.co/wPcrkUuwAM
CBS News,0.0,Wed Mar 07 12:40:14 +0000 2018,1.0,0.0,0.0,COMING UP on @CBSThisMorning: @OmarVillafranca shows us how many Oklahoma schools are using a four-day week to recr… https://t.co/iob6sO5CNy
CBS News,0.34,Wed Mar 07 12:40:01 +0000 2018,0.87,0.0,0.13,"Saudi Arabia's crown prince, Mohammed bin Salman, is giving his first U.S. interview to @NorahODonnell for… https://t.co/uu3PzAQAES"
CBS News,0.5106,Wed Mar 07 12:35:26 +0000 2018,0.864,0.0,0.136,The lawyer for adult film star Stormy Daniels says she should be free to give her account of her relationship with… https://t.co/OVLqDPUWFM
CBS News,-0.2263,Wed Mar 07 12:32:35 +0000 2018,0.73,0.155,0.116,"Here are three things you should know this morning:
1?Elephant trophy ban lifted
2?FDA approves home breast cancer… https://t.co/pzlM6g22xN"
CBS News,0.0,Wed Mar 07 12:24:58 +0000 2018,1.0,0.0,0.0,RT @CBSThisMorning: .@CBSThisMorning co-host and @60Minutes contributing correspondent @NorahDonnell is back from spending a week in Saudi…
CBS News,0.0258,Wed Mar 07 12:21:00 +0000 2018,0.791,0.102,0.107,AHEAD on @CBSThisMorning: The Trump administration is going back on its promise to stop imports of African elephant… https://t.co/66sU2xnaxB
CBS News,0.0,Wed Mar 07 12:20:01 +0000 2018,1.0,0.0,0.0,.@CBSThisMorning co-host and @60Minutes contributing correspondent @NorahODonnell is back from spending a week in S… https://t.co/Ki6BGmZfqh
CBS News,-0.5719,Wed Mar 07 12:20:01 +0000 2018,0.791,0.209,0.0,"Teen who escaped a ""house of horrors"" in California posted videos on a secret YouTube account… https://t.co/npWCGd2wgq"
CBS News,0.3182,Wed Mar 07 12:18:10 +0000 2018,0.892,0.0,0.108,S. Korea's president said it's too early to be optimistic about the denuclearization talks with N. Korea. Pres. Tru… https://t.co/BhVjU3ntWj
CBS News,0.2023,Wed Mar 07 12:12:54 +0000 2018,0.909,0.0,0.091,"Gary Cohn, the president's top economic adviser, is the latest in a series of high-profile departures from the Trum… https://t.co/WfolQwUlnC"
CBS News,-0.296,Wed Mar 07 12:10:39 +0000 2018,0.891,0.109,0.0,Flooding is a big issue as a nor'easter spins up the coastline. Warnings and advisories are posted along the Mid-At… https://t.co/C8PAL8zD6Q
CBS News,0.0,Wed Mar 07 12:09:38 +0000 2018,1.0,0.0,0.0,The nor'easter is disrupting travel in many parts of the country. Amtrak canceled more than 50 trains in the Northe… https://t.co/7hZKJAsGGd
CBS News,0.0,Wed Mar 07 12:07:57 +0000 2018,1.0,0.0,0.0,.@CBSNewYork's @LonnieQuinnTV has more on where this storm is going and how long it is going to last… https://t.co/wqZls0pwwn
CBS News,0.5106,Wed Mar 07 12:06:34 +0000 2018,0.845,0.0,0.155,A developing nor’easter will bring heavy snow and strong winds to the Northeast. Don Dahler reports from Bala Cynwy… https://t.co/XKwFyVNBWl
CBS News,0.8126,Wed Mar 07 12:00:02 +0000 2018,0.641,0.0,0.359,"A new GOP effort to dismantle Obama-era financial regulations is gaining traction --
thanks to support from Democra… https://t.co/8D8nbdMAuB"
CBS News,0.0,Wed Mar 07 11:40:01 +0000 2018,1.0,0.0,0.0,Sen. Thad Cochran's retirement could give Democrats a real shot at another Deep South seat. But could Mississippi e… https://t.co/JCt1Tkxi5E
CBS News,0.0,Wed Mar 07 11:30:01 +0000 2018,1.0,0.0,0.0,Coming up on @CBSThisMorning: Why some school districts are now switching to four-day weeks. We'll take you to Okla… https://t.co/3dws1oHMN8
CBS News,-0.7906,Wed Mar 07 11:21:01 +0000 2018,0.667,0.333,0.0,Turkey's state-run news agency says police in Adana detained 13 ISIS suspects who were allegedly plotting attacks o… https://t.co/ZRYlPWpGvJ
CBS News,-0.5106,Wed Mar 07 11:15:08 +0000 2018,0.837,0.163,0.0,"Ahead: @CBSThisMorning has correspondents spread out along the East Coast tracking the damaging wind, rain and snow… https://t.co/nGVAjrFVag"
CBS News,0.0,Wed Mar 07 11:01:29 +0000 2018,1.0,0.0,0.0,"Adult film performer Stormy Daniels, who received $130,000 from Donald Trump's personal attorney days before the 20… https://t.co/3yTNz4h9ya"
CBS News,-0.2023,Wed Mar 07 10:48:04 +0000 2018,0.816,0.184,0.0,Doctors' group issues controversial type 2 diabetes guidance https://t.co/PcUxDyjt1O https://t.co/R5ih9qFYT9
CBS News,0.0,Wed Mar 07 10:33:05 +0000 2018,1.0,0.0,0.0,UnitedHealthcare to pass drug rebates on to some customers https://t.co/sHVHD6x2re https://t.co/jznYNoKMcx
BBC Breaking News,-0.6908,Wed Mar 07 17:37:14 +0000 2018,0.81,0.19,0.0,Police say they believe nerve agent was used to try to murder former Russian spy and his daughter in Salisbury https://t.co/o4ljhZjJk8
BBC Breaking News,-0.9164,Wed Mar 07 15:06:28 +0000 2018,0.476,0.45,0.074,Second lorry driver involved in M1 crash that killed eight found not guilty of causing death by dangerous driving https://t.co/Qp1wUcO5NL
BBC Breaking News,0.5106,Wed Mar 07 13:45:31 +0000 2018,0.864,0.0,0.136,Fashion retailer New Look axes up to 980 jobs and closes 60 stores as part of a rescue plan to repay debts https://t.co/Nl4rGDriCD
BBC Breaking News,-0.802,Wed Mar 07 10:59:51 +0000 2018,0.676,0.324,0.0,"At least five killed in helicopter crash in southern Russian republic of Chechnya, local media report https://t.co/AmAUOMZxCV"
BBC Breaking News,-0.6908,Wed Mar 07 00:42:55 +0000 2018,0.81,0.19,0.0,The US puts new sanctions on North Korea after ruling it used a chemical agent to kill Kim Jong-un's half brother https://t.co/zEbJXToFTs
BBC Breaking News,-0.1531,Tue Mar 06 22:37:55 +0000 2018,0.756,0.14,0.105,US President Donald Trump’s top economic adviser Gary Cohn is to resign - White House https://t.co/bdzGAiguww
BBC Breaking News,-0.9231,Tue Mar 06 16:27:37 +0000 2018,0.546,0.454,0.0,Lorry driver Ryszard Masierak convicted of causing death by dangerous driving over 2017 M1 crash in which eight died https://t.co/9IDAF4Yl8E
BBC Breaking News,-0.6369,Tue Mar 06 14:47:55 +0000 2018,0.743,0.257,0.0,"Parents of 21-month-old Alfie Evans, have appeal dismissed after losing life-support treatment fight in London's Hi… https://t.co/4suFYsexL4"
BBC Breaking News,-0.8316,Tue Mar 06 14:43:09 +0000 2018,0.658,0.342,0.0,@wiltshirepolice Counter Terrorism Police to lead investigation into collapse of former spy Sergei Skripal in Salis… https://t.co/wraqOgzhCD
BBC Breaking News,-0.6124,Tue Mar 06 13:47:32 +0000 2018,0.721,0.212,0.067,"Russian military plane crashes in Syria killing 26 passengers and six crew members, defence ministry says https://t.co/sJxriS9QeX"
BBC Breaking News,0.296,Tue Mar 06 12:56:36 +0000 2018,0.702,0.103,0.194,"If suspicions are well founded the ""government will take whatever measures we deem necessary"" to protect lives of t… https://t.co/JdgmHss8SA"
BBC Breaking News,0.2023,Tue Mar 06 11:52:33 +0000 2018,0.913,0.0,0.087,North Korea agrees to leaders summit with South and is willing to talk to US about denuclearisation - South Korea https://t.co/X9dgypXdRd
BBC Breaking News,-0.3818,Tue Mar 06 11:46:09 +0000 2018,0.874,0.126,0.0,One member of the emergency services remains in hospital after dealing with ex-Russian spy incident in Salisbury -… https://t.co/hvU4dqWaTv
BBC Breaking News,-0.4215,Tue Mar 06 10:29:22 +0000 2018,0.843,0.157,0.0,"Woman critically ill in Salisbury hospital alongside former Russian spy is his daughter, Yulia Skripal https://t.co/r7v3QlyaTT"
BBC Breaking News,0.0976,Mon Mar 05 18:18:30 +0000 2018,0.814,0.085,0.101,"Sir Bradley Wiggins tells BBC he ""100%"" did not cheat and claims he is the victim of someone attempting to ""smear""… https://t.co/acvJbw8vWM"
BBC Breaking News,-0.4215,Mon Mar 05 18:01:09 +0000 2018,0.872,0.128,0.0,Man critically ill after exposure to unknown substance in Salisbury is alleged former Russian spy given refuge in U… https://t.co/hSsynAS0Lm
BBC Breaking News,-0.959,Mon Mar 05 11:59:59 +0000 2018,0.469,0.531,0.0,"Shea Heeley, 19, jailed for life for stabbing to death Leonne Weeks, 16, in ""brutally violent"" attack in South York… https://t.co/jyKSnIZBWP"
BBC Breaking News,-0.6124,Mon Mar 05 10:09:07 +0000 2018,0.783,0.217,0.0,A convoy with aid for thousands of trapped Syrians enters rebel enclave of Eastern Ghouta for first time in weeks https://t.co/NhZLhcsUC4
BBC Breaking News,0.0,Mon Mar 05 09:51:18 +0000 2018,1.0,0.0,0.0,North Korean leader Kim Jong-un meets officials from the South in Pyongyang for the first time https://t.co/VGzifDW5Ao
BBC Breaking News,0.836,Mon Mar 05 04:46:24 +0000 2018,0.639,0.0,0.361,"#Oscars 

The Shape of Water wins Best Picture  

Our #Oscars2018 coverage: https://t.co/dlCCu0XrFs 

And full winn… https://t.co/VAQ2T2BjhA"
BBC Breaking News,-0.6908,Wed Mar 07 17:37:14 +0000 2018,0.81,0.19,0.0,Police say they believe nerve agent was used to try to murder former Russian spy and his daughter in Salisbury https://t.co/o4ljhZjJk8
BBC Breaking News,-0.9164,Wed Mar 07 15:06:28 +0000 2018,0.476,0.45,0.074,Second lorry driver involved in M1 crash that killed eight found not guilty of causing death by dangerous driving https://t.co/Qp1wUcO5NL
BBC Breaking News,0.5106,Wed Mar 07 13:45:31 +0000 2018,0.864,0.0,0.136,Fashion retailer New Look axes up to 980 jobs and closes 60 stores as part of a rescue plan to repay debts https://t.co/Nl4rGDriCD
BBC Breaking News,-0.802,Wed Mar 07 10:59:51 +0000 2018,0.676,0.324,0.0,"At least five killed in helicopter crash in southern Russian republic of Chechnya, local media report https://t.co/AmAUOMZxCV"
BBC Breaking News,-0.6908,Wed Mar 07 00:42:55 +0000 2018,0.81,0.19,0.0,The US puts new sanctions on North Korea after ruling it used a chemical agent to kill Kim Jong-un's half brother https://t.co/zEbJXToFTs
BBC Breaking News,-0.1531,Tue Mar 06 22:37:55 +0000 2018,0.756,0.14,0.105,US President Donald Trump’s top economic adviser Gary Cohn is to resign - White House https://t.co/bdzGAiguww
BBC Breaking News,-0.9231,Tue Mar 06 16:27:37 +0000 2018,0.546,0.454,0.0,Lorry driver Ryszard Masierak convicted of causing death by dangerous driving over 2017 M1 crash in which eight died https://t.co/9IDAF4Yl8E
BBC Breaking News,-0.6369,Tue Mar 06 14:47:55 +0000 2018,0.743,0.257,0.0,"Parents of 21-month-old Alfie Evans, have appeal dismissed after losing life-support treatment fight in London's Hi… https://t.co/4suFYsexL4"
BBC Breaking News,-0.8316,Tue Mar 06 14:43:09 +0000 2018,0.658,0.342,0.0,@wiltshirepolice Counter Terrorism Police to lead investigation into collapse of former spy Sergei Skripal in Salis… https://t.co/wraqOgzhCD
BBC Breaking News,-0.6124,Tue Mar 06 13:47:32 +0000 2018,0.721,0.212,0.067,"Russian military plane crashes in Syria killing 26 passengers and six crew members, defence ministry says https://t.co/sJxriS9QeX"
BBC Breaking News,0.296,Tue Mar 06 12:56:36 +0000 2018,0.702,0.103,0.194,"If suspicions are well founded the ""government will take whatever measures we deem necessary"" to protect lives of t… https://t.co/JdgmHss8SA"
BBC Breaking News,0.2023,Tue Mar 06 11:52:33 +0000 2018,0.913,0.0,0.087,North Korea agrees to leaders summit with South and is willing to talk to US about denuclearisation - South Korea https://t.co/X9dgypXdRd
BBC Breaking News,-0.3818,Tue Mar 06 11:46:09 +0000 2018,0.874,0.126,0.0,One member of the emergency services remains in hospital after dealing with ex-Russian spy incident in Salisbury -… https://t.co/hvU4dqWaTv
BBC Breaking News,-0.4215,Tue Mar 06 10:29:22 +0000 2018,0.843,0.157,0.0,"Woman critically ill in Salisbury hospital alongside former Russian spy is his daughter, Yulia Skripal https://t.co/r7v3QlyaTT"
BBC Breaking News,0.0976,Mon Mar 05 18:18:30 +0000 2018,0.814,0.085,0.101,"Sir Bradley Wiggins tells BBC he ""100%"" did not cheat and claims he is the victim of someone attempting to ""smear""… https://t.co/acvJbw8vWM"
BBC Breaking News,-0.4215,Mon Mar 05 18:01:09 +0000 2018,0.872,0.128,0.0,Man critically ill after exposure to unknown substance in Salisbury is alleged former Russian spy given refuge in U… https://t.co/hSsynAS0Lm
BBC Breaking News,-0.959,Mon Mar 05 11:59:59 +0000 2018,0.469,0.531,0.0,"Shea Heeley, 19, jailed for life for stabbing to death Leonne Weeks, 16, in ""brutally violent"" attack in South York… https://t.co/jyKSnIZBWP"
BBC Breaking News,-0.6124,Mon Mar 05 10:09:07 +0000 2018,0.783,0.217,0.0,A convoy with aid for thousands of trapped Syrians enters rebel enclave of Eastern Ghouta for first time in weeks https://t.co/NhZLhcsUC4
BBC Breaking News,0.0,Mon Mar 05 09:51:18 +0000 2018,1.0,0.0,0.0,North Korean leader Kim Jong-un meets officials from the South in Pyongyang for the first time https://t.co/VGzifDW5Ao
BBC Breaking News,0.836,Mon Mar 05 04:46:24 +0000 2018,0.639,0.0,0.361,"#Oscars 

The Shape of Water wins Best Picture  

Our #Oscars2018 coverage: https://t.co/dlCCu0XrFs 

And full winn… https://t.co/VAQ2T2BjhA"
BBC Breaking News,0.836,Mon Mar 05 04:34:28 +0000 2018,0.639,0.0,0.361,"#Oscars 

Frances McDormand wins Best Actress for Three Billboards Outside Ebbing, Missouri

Live #Oscars2018 cover… https://t.co/6WVRoCxP0d"
BBC Breaking News,0.6908,Mon Mar 05 04:27:39 +0000 2018,0.498,0.145,0.357,"#Oscars 

Gary Oldman wins Best Actor for Darkest Hour

Live #Oscars2018 coverage: https://t.co/dlCCu0XrFs… https://t.co/RV2UGEz4Bu"
BBC Breaking News,0.836,Mon Mar 05 04:14:59 +0000 2018,0.639,0.0,0.361,"#Oscars 

Guillermo Del Toro wins Best Director for The Shape of Water

Live #Oscars2018 coverage:… https://t.co/yFQf4o1pii"
BBC Breaking News,0.8957,Mon Mar 05 02:30:24 +0000 2018,0.505,0.0,0.495,"#Oscars 

Allison Janney wins Best Supporting Actress for I, Tonya

Live coverage: https://t.co/dlCCu0XrFs… https://t.co/8CBLRHNoqt"
BBC Breaking News,0.8957,Mon Mar 05 01:18:57 +0000 2018,0.546,0.0,0.454,"#Oscars 

Sam Rockwell wins Best Supporting Actor for Three Billboards Outside Ebbing, Missouri

Live coverage:… https://t.co/Tsku70ATAB"
BBC Breaking News,0.0,Sun Mar 04 22:20:42 +0000 2018,1.0,0.0,0.0,"Italian exit polls point to hung parliament, with Five-Star movement and right-wing coalition leading field. https://t.co/UErsu6k6LY"
BBC Breaking News,-0.5574,Sun Mar 04 11:28:55 +0000 2018,0.825,0.175,0.0,"Sir Roger Bannister, first athlete to run sub-four minute mile, has died aged 88, his family confirm… https://t.co/ywBFhZIkOj"
BBC Breaking News,-0.6486,Sun Mar 04 11:16:13 +0000 2018,0.751,0.249,0.0,"Italy international footballer and Fiorentina captain Davide Astori found dead, his club confirms https://t.co/XuNjiY5WLU"
BBC Breaking News,0.3182,Sun Mar 04 08:12:21 +0000 2018,0.679,0.109,0.213,Five months of political deadlock end in Germany as Social Democrats agree to join Angela Merkel's coalition https://t.co/dE91CmgJjE
BBC Breaking News,-0.7269,Sat Mar 03 18:10:39 +0000 2018,0.736,0.264,0.0,"Three men charged with manslaughter and arson over explosion in Leicester which left five people dead, say police https://t.co/hhkGUfQlRi"
BBC Breaking News,-0.6705,Sat Mar 03 17:16:43 +0000 2018,0.718,0.282,0.0,"One person suffers ""self-inflicted gun shot wound"" outside the White House, US Secret Service says https://t.co/Bv5sB11BSC"
BBC Breaking News,-0.3612,Fri Mar 02 12:56:51 +0000 2018,0.857,0.143,0.0,"South Western Railway to close down service by 20:00 GMT due to adverse weather 

https://t.co/LsYvut8lW7 https://t.co/c8ygOrrvhp"
BBC Breaking News,-0.4404,Fri Mar 02 11:19:26 +0000 2018,0.661,0.226,0.113,"'Trade wars are good' says President Trump, day after his decision to impose tariffs on steel and aluminium imports https://t.co/TRZfH78ZY9"
BBC Breaking News,0.0,Fri Mar 02 10:47:35 +0000 2018,1.0,0.0,0.0,Gunfire and explosion heard near army headquarters and French embassy in Burkina Faso capital https://t.co/MMSq5hODyz
BBC Breaking News,0.0,Fri Mar 02 09:28:34 +0000 2018,1.0,0.0,0.0,"More than 1,000 members of public invited into Windsor Castle grounds for Prince Harry &amp; Meghan Markle's wedding… https://t.co/oXkSMkJ0Rp"
BBC Breaking News,-0.7783,Fri Mar 02 07:16:07 +0000 2018,0.702,0.298,0.0,"Fire rips through drug rehabilitation centre in Azerbaijan's capital Baku killing at least 26 people, reports say https://t.co/Zt7p1n2dcx"
BBC Breaking News,0.0,Thu Mar 01 19:05:59 +0000 2018,1.0,0.0,0.0,Exiled separatist Carles Puigdemont withdrawing from bid to be reappointed president of Spain's Catalonia region https://t.co/45nmrd2fmB
BBC Breaking News,0.3612,Thu Mar 01 17:41:41 +0000 2018,0.884,0.0,0.116,"President Trump to sign off on steep tariffs on steel and aluminium imports next week, hitting producers like China https://t.co/b46NjrWz26"
BBC Breaking News,-0.5106,Thu Mar 01 09:23:10 +0000 2018,0.837,0.163,0.0,"Ahead of presidential election, Russia's Vladimir Putin vows to halve rate of poverty in next six years https://t.co/1MiUO3IDrn"
BBC Breaking News,-0.7003,Thu Mar 01 08:29:15 +0000 2018,0.721,0.279,0.0,"UK @metoffice issues red warning for south-west England &amp; south Wales - indicating danger to life

Follow… https://t.co/TxrvwhWRI0"
BBC Breaking News,-0.7351,Thu Mar 01 07:48:09 +0000 2018,0.708,0.292,0.0,#StormEmma brings chaos to UK with blizzards causing travel disruption - follow our updates throughout the day… https://t.co/9poSF0or0s
BBC Breaking News,0.4404,Wed Feb 28 21:39:01 +0000 2018,0.854,0.0,0.146,"Hope Hicks, White House communications director and one of President Trump's longest serving advisers, to step down https://t.co/pc2cPUUOel"
BBC Breaking News,-0.8176,Wed Feb 28 18:33:28 +0000 2018,0.605,0.395,0.0,Police investigating fatal explosion in Leicester on Sunday arrest three men on suspicion of manslaughter https://t.co/T2bcsS2DdJ
BBC Breaking News,-0.1531,Wed Feb 28 13:31:01 +0000 2018,0.748,0.14,0.112,Russia says its Olympic membership is restored after it was banned from Winter Games for state-sponsored doping https://t.co/PHiP9RuP0D
BBC Breaking News,-0.7717,Wed Feb 28 11:29:10 +0000 2018,0.645,0.355,0.0,Red weather warning issued for parts of Scotland - meaning risk to life and widespread damage likely https://t.co/YyNMDnaOj6
BBC Breaking News,-0.7269,Wed Feb 28 10:40:23 +0000 2018,0.647,0.353,0.0,"Electronics retailer Maplin collapses after it fails to find a buyer, putting 2,500 jobs at risk https://t.co/QxFS4jyfgQ"
BBC Breaking News,-0.1406,Wed Feb 28 09:45:26 +0000 2018,0.928,0.072,0.0,"Toys R Us in UK goes into administration, putting about 3,000 jobs at risk, but stores to continue trading for now https://t.co/XQMIhIRqbd"
BBC Breaking News,0.34,Tue Feb 27 20:58:23 +0000 2018,0.833,0.0,0.167,President Trump's son-in-law Jared Kushner's White House security clearance downgraded - unnamed officials https://t.co/sq23i2y3QH
BBC Breaking News,-0.9153,Tue Feb 27 12:45:48 +0000 2018,0.556,0.444,0.0,"A 27-year-old man is arrested on suspicion of murder by police in Northern Ireland after house fire in Derrylin, Co… https://t.co/QJpx8NM2Re"
BBC Breaking News,-0.3182,Tue Feb 27 11:42:47 +0000 2018,0.827,0.173,0.0,Police name five victims of explosion in Leicester on Sunday night https://t.co/NwU7GWVjpz
BBC Breaking News,-0.5994,Tue Feb 27 10:25:03 +0000 2018,0.822,0.178,0.0,"""Case closed"" in death of Bollywood star Sridevi Kapoor, Dubai police say, after releasing her body to relatives https://t.co/Y8upYTAybd"
BBC Breaking News,-0.743,Tue Feb 27 10:15:04 +0000 2018,0.69,0.31,0.0,"Three people die in house fire in Derrylin, County Fermanagh - Police in Northern Ireland say

https://t.co/Zo7xboQWjX"
BBC Breaking News,0.0,Tue Feb 27 07:16:22 +0000 2018,1.0,0.0,0.0,US cable TV giant Comcast makes takeover bid for Sky rivalling existing offer from Rupert Murdoch’s 21st Century Fox https://t.co/twCi4R5XRE
BBC Breaking News,-0.6369,Mon Feb 26 21:25:15 +0000 2018,0.611,0.275,0.115,"Fifth Briton, Eleanor Udall, dies after helicopter crash in Grand Canyon that also killed her new husband Jonathan https://t.co/axbc4FbqI2"
BBC Breaking News,-0.5106,Mon Feb 26 14:19:18 +0000 2018,0.811,0.139,0.05,Police say number of people who died in explosion at a shop in Leicester has risen from four to five. Five other pe… https://t.co/mYRt87GgYK
BBC Breaking News,-0.3612,Mon Feb 26 14:01:07 +0000 2018,0.839,0.161,0.0,Russia's President Putin orders a daily humanitarian pause in fighting in Eastern Ghouta enclave https://t.co/w15KnDwVvB
BBC Breaking News,0.0,Mon Feb 26 11:27:40 +0000 2018,1.0,0.0,0.0,"PM's spokesman says government will not be joining a customs union after #Brexit in response to Labour's plan for ""… https://t.co/4z6xDOSaZY"
BBC Breaking News,-0.5994,Mon Feb 26 11:17:13 +0000 2018,0.692,0.308,0.0,"Bollywood actress Sridevi Kapoor died of accidental drowning, Dubai forensic report says https://t.co/8LvjrKh2P4"
BBC Breaking News,-0.891,Mon Feb 26 11:03:22 +0000 2018,0.483,0.441,0.076,Jaynesh Chudasama admits causing death by dangerous driving after three teenage boys died at west London bus stop https://t.co/aa03Y0ZpJE
BBC Breaking News,-0.6486,Mon Feb 26 06:40:20 +0000 2018,0.815,0.185,0.0,"Four people confirmed dead in explosion at property in Leicester on Sunday night, police say - four more in hospital https://t.co/H69tJ1bC08"
BBC Breaking News,0.0,Sun Feb 25 20:14:44 +0000 2018,1.0,0.0,0.0,"Police declare a ""major incident"" after reports of an explosion in the Hinckley Road area of Leicester. https://t.co/c2aux3k8jG"
BBC Breaking News,0.0,Sun Feb 25 18:23:18 +0000 2018,1.0,0.0,0.0,"RT @BBCSport: FT Arsenal 0-3 Man City

It's all over!

Aguero, Kompany &amp; Silva goals give Pep Guardiola his first trophy as Man City manage…"
BBC Breaking News,0.0,Sun Feb 25 11:37:53 +0000 2018,1.0,0.0,0.0,"North Korea willing to hold talks with US, says South Korea after hosting general for end of Winter Olympics https://t.co/uztKB54bDC"
BBC Breaking News,0.4939,Sat Feb 24 19:25:23 +0000 2018,0.562,0.119,0.319,UN Security Council unanimously approves resolution demanding a 30-day ceasefire in Syria https://t.co/GcVWKidaFS
BBC Breaking News,-0.4215,Sat Feb 24 16:24:00 +0000 2018,0.787,0.142,0.071,"British actress Emma Chambers, known for playing Alice Tinker in the BBC's The Vicar of Dibley, has died aged 53, h… https://t.co/zFDmGeAp5E"
BBC Breaking News,0.8169,Sat Feb 24 02:23:50 +0000 2018,0.737,0.0,0.263,"RT @BBCSport: ?? IT'S BIG AIR BRONZE FOR BILLY MORGAN! ?? 

That's GB's fifth medal at #Pyeongchang2018 making it their most successful Win…"
BBC Breaking News,-0.8658,Fri Feb 23 20:49:42 +0000 2018,0.567,0.433,0.0,"""No shots were fired and no law enforcement personnel were injured during the incident.""- US Secret Service. 
https://t.co/kv8qN4XKlp"
BBC Breaking News,0.2263,Fri Feb 23 20:42:02 +0000 2018,0.813,0.072,0.115,"Vehicle hits security barrier near White House and female driver is apprehended by police, US secret service says https://t.co/PeWNw8r5tC"
BBC Breaking News,0.0,Fri Feb 23 14:45:16 +0000 2018,1.0,0.0,0.0,"US President Donald Trump says he is launching the ""largest ever"" set of new sanctions against North Korea https://t.co/26ctahWh4F"
BBC Breaking News,0.0,Fri Feb 23 14:28:08 +0000 2018,1.0,0.0,0.0,"Two people shot outside branch of UBS bank in Zurich, Swiss media say https://t.co/BPakHGqX9m"
BBC Breaking News,-0.0258,Fri Feb 23 12:16:59 +0000 2018,0.591,0.186,0.224,"Actor and comedian Stephen Fry has revealed he's had an operation to treat prostate cancer 

https://t.co/eACMLDtwYj https://t.co/ApwRxzpxMY"
BBC Breaking News,-0.296,Fri Feb 23 07:02:54 +0000 2018,0.708,0.171,0.121,"British bank RBS, majority owned by the taxpayer following the financial crisis, reports first profit for ten years https://t.co/SzJZN1iZaS"
BBC Breaking News,-0.5106,Fri Feb 23 03:05:10 +0000 2018,0.837,0.163,0.0,"After his affair raised damaging questions, Barnaby Joyce says he will quit as Australia's deputy prime minister https://t.co/DEJVeNqsx5"
BBC Breaking News,-0.5574,Thu Feb 22 22:35:55 +0000 2018,0.639,0.248,0.113,"Man, who was on his honeymoon, is fourth Briton to die after Grand Canyon helicopter crash 12 days ago https://t.co/22hEtLbvbX"
BBC Breaking News,-0.4767,Thu Feb 22 19:19:40 +0000 2018,0.846,0.154,0.0,Haiti has temporarily suspended Oxfam from operating in the country after allegations of sexual misconduct by some… https://t.co/acmekswCNB
BBC Breaking News,0.1724,Thu Feb 22 17:04:20 +0000 2018,0.691,0.162,0.147,Ex-Save the Children chief executive Justin Forsyth resigns from Unicef saying he doesn't want to 'damage' charities https://t.co/G5APtc2xlm
BBC Breaking News,-0.4215,Thu Feb 22 16:25:15 +0000 2018,0.843,0.157,0.0,Two-year-old boy dies and six-year-old brother critically ill after hit-and-run in Coventry - West Midlands Police https://t.co/Kc4LFTyiq2
BBC Breaking News,-0.4939,Thu Feb 22 11:41:52 +0000 2018,0.672,0.231,0.097,Police in Germany arrest Russian man in connection with attack on England fan during Euro 2016 in Marseille https://t.co/nUEzk7iS6h
BBC Breaking News,-0.3612,Thu Feb 22 09:35:47 +0000 2018,0.872,0.128,0.0,"Net migration to UK is estimated to have fallen to 244,000 in year to September, figures show https://t.co/J9xaglz7mW"
BBC Breaking News,0.5423,Thu Feb 22 08:33:46 +0000 2018,0.723,0.064,0.213,"British Gas owner Centrica is cutting 4,000 jobs, mainly in its UK energy supply business, after group profits fell… https://t.co/BtHKBGByug"
Fox News,0.4215,Wed Mar 07 20:22:41 +0000 2018,0.833,0.0,0.167,".@RepPeteKing: Dems Hoping Russia Probe Will 'Never End,' Are Leaking Closed Testimony to Media… https://t.co/R2HWRVDUWL"
Fox News,-0.128,Wed Mar 07 20:13:33 +0000 2018,0.923,0.077,0.0,".@PressSec on @POTUS' advisers: ""At the end of the day, the American people voted overwhelmingly for President Dona… https://t.co/iSiw6ThQ6i"
Fox News,-0.6908,Wed Mar 07 20:09:53 +0000 2018,0.68,0.32,0.0,Connecticut Governor @GovMalloyOffice: The @NRA Has Become a 'Terrorist Organization' https://t.co/7GmpB2IrU7 https://t.co/KKTyNEBgwm
Fox News,0.743,Wed Mar 07 20:06:46 +0000 2018,0.711,0.0,0.289,".@PressSec on trade talks with China: ""[@POTUS] feels like the United States has been taken advantage of for far to… https://t.co/1kPgglH79b"
Fox News,-0.2263,Wed Mar 07 20:02:17 +0000 2018,0.829,0.107,0.063,".@PressSec on admin resignations: ""This is an intense place, as [is] every @WhiteHouse, and it's not abnormal that… https://t.co/A11fP4JkLU"
Fox News,-0.3818,Wed Mar 07 19:57:21 +0000 2018,0.833,0.167,0.0,".@PressSec: ""@SenSchumer is blocking nominees indiscriminately. He forces time-wasting procedural votes on nominees… https://t.co/PlGewVUYix"
Fox News,0.0,Wed Mar 07 19:45:55 +0000 2018,1.0,0.0,0.0,.@PressSec holds a White House briefing.  https://t.co/9P6qJX3VQm
Fox News,-0.6908,Wed Mar 07 19:27:52 +0000 2018,0.63,0.37,0.0,Connecticut Governor: The NRA Has Become 'Terrorist Organization' https://t.co/YKeBWSBmdr
Fox News,0.0,Wed Mar 07 19:18:17 +0000 2018,1.0,0.0,0.0,Patriotic Teens Replace Family's Tattered American Flag https://t.co/4o6xzuDxKW
Fox News,-0.0258,Wed Mar 07 19:04:10 +0000 2018,0.659,0.174,0.168,North Korean defector describes nation's perception of United States; @EricShawnTV reports. #OutnumberedOT https://t.co/eAjIACofoO
Fox News,-0.7579,Wed Mar 07 18:58:16 +0000 2018,0.683,0.317,0.0,"BREAKING NEWS: Nikolas Cruz formally charged with 17 counts of murder in Valentine’s Day massacre
https://t.co/dPIkZIM2Ce"
Fox News,0.0,Wed Mar 07 18:54:19 +0000 2018,1.0,0.0,0.0,".@kayleighmcenany on #TXprimary: ""Not a blue wave at all... We had a half million more voters."" #OutnumberedOT https://t.co/ItayHmASza"
Fox News,0.0,Wed Mar 07 18:48:37 +0000 2018,1.0,0.0,0.0,U.S. Senate primary election in Texas - Total votes. https://t.co/S8pgT71CYq
Fox News,0.7351,Wed Mar 07 18:48:09 +0000 2018,0.575,0.097,0.327,".@kayleighmcenany: ""@POTUS won Pennsylvania, Wisconsin - states no Republican has won since the 1980s. These states… https://t.co/DklVOI583M"
Fox News,0.3182,Wed Mar 07 18:45:34 +0000 2018,0.85,0.0,0.15,".@Zac_Petkanas on #TXPrimary: ""We had a 105% increase in primary turnout over 2014."" #OutnumberedOT https://t.co/VygXUenluE"
Fox News,0.2933,Wed Mar 07 18:43:55 +0000 2018,0.825,0.0,0.175,".@RepPeteKing: ""Democrats want this to never end... There's no evidence at all of any Russian collusion.""… https://t.co/rb6o5sS3Ez"
Fox News,0.4215,Wed Mar 07 18:42:36 +0000 2018,0.843,0.0,0.157,"RT @FoxBusiness: .@Target raises minimum wage to $12, with hopes of hitting $15 by 2020   https://t.co/G6X0SMQJUC"
Fox News,0.4767,Wed Mar 07 18:33:05 +0000 2018,0.807,0.0,0.193,"Google's artificial intelligence is being used by US military drone program, prompting concerns… https://t.co/bdWNtsvNL4"
Fox News,0.0,Wed Mar 07 18:27:48 +0000 2018,1.0,0.0,0.0,Nikolas Cruz's jail records reveal details of gunman's behavior in days after Florida school shooting https://t.co/T7xE2t30AW
Fox News,-0.5154,Wed Mar 07 18:21:02 +0000 2018,0.666,0.232,0.102,".@DarrellIssa: ""This is making my state less safe. And shame on my governor. Shame on my attorney general... Shame… https://t.co/bWQaKIuQRM"
Fox News,0.4215,Wed Mar 07 20:22:41 +0000 2018,0.833,0.0,0.167,".@RepPeteKing: Dems Hoping Russia Probe Will 'Never End,' Are Leaking Closed Testimony to Media… https://t.co/R2HWRVDUWL"
Fox News,-0.128,Wed Mar 07 20:13:33 +0000 2018,0.923,0.077,0.0,".@PressSec on @POTUS' advisers: ""At the end of the day, the American people voted overwhelmingly for President Dona… https://t.co/iSiw6ThQ6i"
Fox News,-0.6908,Wed Mar 07 20:09:53 +0000 2018,0.68,0.32,0.0,Connecticut Governor @GovMalloyOffice: The @NRA Has Become a 'Terrorist Organization' https://t.co/7GmpB2IrU7 https://t.co/KKTyNEBgwm
Fox News,0.743,Wed Mar 07 20:06:46 +0000 2018,0.711,0.0,0.289,".@PressSec on trade talks with China: ""[@POTUS] feels like the United States has been taken advantage of for far to… https://t.co/1kPgglH79b"
Fox News,-0.2263,Wed Mar 07 20:02:17 +0000 2018,0.829,0.107,0.063,".@PressSec on admin resignations: ""This is an intense place, as [is] every @WhiteHouse, and it's not abnormal that… https://t.co/A11fP4JkLU"
Fox News,-0.3818,Wed Mar 07 19:57:21 +0000 2018,0.833,0.167,0.0,".@PressSec: ""@SenSchumer is blocking nominees indiscriminately. He forces time-wasting procedural votes on nominees… https://t.co/PlGewVUYix"
Fox News,0.0,Wed Mar 07 19:45:55 +0000 2018,1.0,0.0,0.0,.@PressSec holds a White House briefing.  https://t.co/9P6qJX3VQm
Fox News,-0.6908,Wed Mar 07 19:27:52 +0000 2018,0.63,0.37,0.0,Connecticut Governor: The NRA Has Become 'Terrorist Organization' https://t.co/YKeBWSBmdr
Fox News,0.0,Wed Mar 07 19:18:17 +0000 2018,1.0,0.0,0.0,Patriotic Teens Replace Family's Tattered American Flag https://t.co/4o6xzuDxKW
Fox News,-0.0258,Wed Mar 07 19:04:10 +0000 2018,0.659,0.174,0.168,North Korean defector describes nation's perception of United States; @EricShawnTV reports. #OutnumberedOT https://t.co/eAjIACofoO
Fox News,-0.7579,Wed Mar 07 18:58:16 +0000 2018,0.683,0.317,0.0,"BREAKING NEWS: Nikolas Cruz formally charged with 17 counts of murder in Valentine’s Day massacre
https://t.co/dPIkZIM2Ce"
Fox News,0.0,Wed Mar 07 18:54:19 +0000 2018,1.0,0.0,0.0,".@kayleighmcenany on #TXprimary: ""Not a blue wave at all... We had a half million more voters."" #OutnumberedOT https://t.co/ItayHmASza"
Fox News,0.0,Wed Mar 07 18:48:37 +0000 2018,1.0,0.0,0.0,U.S. Senate primary election in Texas - Total votes. https://t.co/S8pgT71CYq
Fox News,0.7351,Wed Mar 07 18:48:09 +0000 2018,0.575,0.097,0.327,".@kayleighmcenany: ""@POTUS won Pennsylvania, Wisconsin - states no Republican has won since the 1980s. These states… https://t.co/DklVOI583M"
Fox News,0.3182,Wed Mar 07 18:45:34 +0000 2018,0.85,0.0,0.15,".@Zac_Petkanas on #TXPrimary: ""We had a 105% increase in primary turnout over 2014."" #OutnumberedOT https://t.co/VygXUenluE"
Fox News,0.2933,Wed Mar 07 18:43:55 +0000 2018,0.825,0.0,0.175,".@RepPeteKing: ""Democrats want this to never end... There's no evidence at all of any Russian collusion.""… https://t.co/rb6o5sS3Ez"
Fox News,0.4215,Wed Mar 07 18:42:36 +0000 2018,0.843,0.0,0.157,"RT @FoxBusiness: .@Target raises minimum wage to $12, with hopes of hitting $15 by 2020   https://t.co/G6X0SMQJUC"
Fox News,0.4767,Wed Mar 07 18:33:05 +0000 2018,0.807,0.0,0.193,"Google's artificial intelligence is being used by US military drone program, prompting concerns… https://t.co/bdWNtsvNL4"
Fox News,0.0,Wed Mar 07 18:27:48 +0000 2018,1.0,0.0,0.0,Nikolas Cruz's jail records reveal details of gunman's behavior in days after Florida school shooting https://t.co/T7xE2t30AW
Fox News,-0.5154,Wed Mar 07 18:21:02 +0000 2018,0.666,0.232,0.102,".@DarrellIssa: ""This is making my state less safe. And shame on my governor. Shame on my attorney general... Shame… https://t.co/bWQaKIuQRM"
Fox News,0.4019,Wed Mar 07 18:14:29 +0000 2018,0.87,0.0,0.13,".@Judgenap: ""The Democratic Party that runs California is so beholden to the immigrant rights groups it is willing… https://t.co/gidYEfWrpa"
Fox News,-0.6249,Wed Mar 07 18:10:36 +0000 2018,0.758,0.242,0.0,".@DarrellIssa: ""When California thwarts the law, those criminals don't all stay in California. They'll go to adjace… https://t.co/Pu23SejFLm"
Fox News,-0.5106,Wed Mar 07 18:06:46 +0000 2018,0.852,0.148,0.0,".@AGBecerra: ""You could trace all of this back to the fact that... the Trump Administration has just failed utterly… https://t.co/uGeDeDY6Ei"
Fox News,0.0,Wed Mar 07 18:00:35 +0000 2018,1.0,0.0,0.0,"Sessions unloads on California Dems for ‘radical, open borders agenda’ https://t.co/mEVgdv3CGT"
Fox News,0.0,Wed Mar 07 17:59:26 +0000 2018,1.0,0.0,0.0,RT @FoxBusiness: Gary Cohn and the meeting that may have ended his White House role https://t.co/RoHNVDAUZ1
Fox News,-0.4215,Wed Mar 07 17:56:39 +0000 2018,0.833,0.167,0.0,".@ChelseaClinton pushes #MeToo, but gets no questions on @BillClinton's actions or Harvey Weinstein donations. https://t.co/ZokQijpJA5"
Fox News,0.3612,Wed Mar 07 17:54:39 +0000 2018,0.865,0.0,0.135,".@guypbenson: ""@BillClinton... is like the poster child of anti-#MeToo for much of his adult life."" #Outnumbered https://t.co/vtp9wlDKZ3"
Fox News,-0.4404,Wed Mar 07 17:50:43 +0000 2018,0.48,0.295,0.225,"Ingraham Hits Back at Bush Over Trump Jab: Endless War, Financial Crisis Was Not 'Pretty Good' https://t.co/sseZLyAxxb"
Fox News,-0.4939,Wed Mar 07 17:41:52 +0000 2018,0.824,0.176,0.0,"Breaking News: Ex-Russian spy, daughter poisoned by nerve agent in ‘targeted’ act, British authorities say https://t.co/kOruZVejf8"
Fox News,0.0,Wed Mar 07 17:40:00 +0000 2018,1.0,0.0,0.0,"""After years of rebuilding other countries - and we have built a lot of countries - it's time to start building our… https://t.co/s5jQPJFuwp"
Fox News,0.5574,Wed Mar 07 17:36:00 +0000 2018,0.777,0.0,0.223,"""The American dream is back and stronger than ever.""

WATCH: President @realDonaldTrump's full remarks to the Latin… https://t.co/WrTzQ4oUBZ"
Fox News,-0.6369,Wed Mar 07 17:35:19 +0000 2018,0.724,0.276,0.0,".@HeyTammyBruce: Unchallenged liberalism leaves homelessness, drug abuse, garbage in its wake https://t.co/spgif91wB1"
Fox News,0.0,Wed Mar 07 17:22:41 +0000 2018,1.0,0.0,0.0,".@POTUS: ""This is our time. This is our moment. Go get DACA. Go push those Democrats."" https://t.co/5LyKi7Rhdo"
Fox News,0.5106,Wed Mar 07 17:20:24 +0000 2018,0.864,0.0,0.136,".@POTUS: ""When our people are free to live their lives and to follow their hearts, there is nothing, nothing at all… https://t.co/PLpJygvgsV"
Fox News,0.0,Wed Mar 07 17:17:36 +0000 2018,1.0,0.0,0.0,".@POTUS: ""After years of rebuilding other countries - and we have built a lot of countries - it's time to start bui… https://t.co/lYAVJHSJLU"
Fox News,0.0,Wed Mar 07 17:15:45 +0000 2018,1.0,0.0,0.0,".@POTUS: ""We're trying to have a DACA victory for everybody, by the way, and @TheDemocrats are nowhere to be found."" https://t.co/5gFedacT7G"
Fox News,0.4215,Wed Mar 07 17:12:49 +0000 2018,0.696,0.091,0.213,".@POTUS: ""Over 4 million workers have already received tax cut bonuses and the number continues to grow every singl… https://t.co/IvI4bwUCse"
Fox News,0.25,Wed Mar 07 17:11:08 +0000 2018,0.895,0.0,0.105,".@POTUS: ""We've created nearly 3 million jobs since the election... Today we have more Hispanic Americans working t… https://t.co/YgeBKEvQpK"
Fox News,0.5574,Wed Mar 07 17:08:09 +0000 2018,0.662,0.0,0.338,".@POTUS: ""The American dream is back and stronger than ever."" https://t.co/7bTimUkfJd"
Fox News,0.4404,Wed Mar 07 17:07:45 +0000 2018,0.854,0.0,0.146,".@POTUS: ""The Latino business community - and you folks are good business-people, I know that. I know that for a fa… https://t.co/olUpbBNCmB"
Fox News,0.0,Wed Mar 07 17:03:00 +0000 2018,1.0,0.0,0.0,.@POTUS delivers remarks at the Latino Coalition Legislative Summit https://t.co/TKX1PD7a4r
Fox News,-0.296,Wed Mar 07 16:58:00 +0000 2018,0.879,0.121,0.0,"AG Sessions: ""Stop treating immigration agents differently of everybody else for the purpose of eviscerating border… https://t.co/1gb6XkjKur"
Fox News,0.0,Wed Mar 07 16:56:00 +0000 2018,1.0,0.0,0.0,"AG Sessions: ""Here's my message to Mayor @LibbySchaaf: 'How dare you? How dare you needlessly endanger the lives of… https://t.co/7jcbr55IET"
Fox News,-0.0258,Wed Mar 07 16:47:26 +0000 2018,0.637,0.185,0.178,North Korean defector describes nation's perception of United States; @EricShawnTV reports. https://t.co/mKKu9NMxWG
Fox News,-0.5106,Wed Mar 07 16:44:35 +0000 2018,0.784,0.216,0.0,NBA owner Mark Cuban was investigated for sexually assaulting woman in 2011 https://t.co/CYJKuXgUCD
Fox News,-0.7351,Wed Mar 07 16:35:14 +0000 2018,0.763,0.237,0.0,"AG Sessions: ""According to Acting Dir. Homan, ICE failed to make 800 arrests that would have been made if the mayor… https://t.co/Y8usTbNAHy"
Fox News,0.1027,Wed Mar 07 16:33:11 +0000 2018,0.766,0.108,0.126,"AG Sessions: ""Open borders is a radical, irrational idea that cannot be accepted... The United States of America is… https://t.co/M9B7keO3Pm"
Fox News,0.0,Wed Mar 07 16:25:29 +0000 2018,1.0,0.0,0.0,".@RepMattGaetz: ""In 2015, there was a federal court filing where Russian officials were calling Carter Page an idio… https://t.co/vCLWurwE9C"
Fox News,0.0,Wed Mar 07 16:19:55 +0000 2018,1.0,0.0,0.0,Attorney General Jeff Sessions makes a major sanctuary jurisdiction announcement https://t.co/6zAQn2UOUj https://t.co/9B55owLNC1
Fox News,-0.6705,Wed Mar 07 16:15:35 +0000 2018,0.667,0.333,0.0,"Missouri officer killed, 2 wounded responding to 911 call https://t.co/HypEjnCtXg https://t.co/fGC2sXbkqN"
Fox News,0.0,Wed Mar 07 16:09:30 +0000 2018,1.0,0.0,0.0,.@JerryBrownGov tweets about AG Jeff Sessons' visit to California. https://t.co/6zAQn2UOUj https://t.co/qwzHvX3HYS
Fox News,-0.2263,Wed Mar 07 16:05:19 +0000 2018,0.881,0.119,0.0,"COMING UP: AG Sessions expected to announce lawsuit against California over ""sanctuary state"" policies.… https://t.co/lyp8UDAXIV"
Fox News,0.4019,Wed Mar 07 15:59:54 +0000 2018,0.803,0.0,0.197,"On @foxandfriends, @TomiLahren slammed the priorities of today's Democratic Party. https://t.co/fJMaI5NlPC https://t.co/EruzVc1p0L"
Fox News,-0.765,Wed Mar 07 15:52:37 +0000 2018,0.694,0.306,0.0,".@NancyPelosi slams California @ICEgov raid as 'unjust and cruel,' amid outcry over mayor's tipoff to immigrants
https://t.co/zvkVpNYiHy"
Fox News,0.0,Wed Mar 07 15:48:17 +0000 2018,1.0,0.0,0.0,.@seanspicer Blasts 'Carnival Barker' Jim @Acosta Over Twitter Spat With Sanders https://t.co/SmjFs04L2P
Fox News,0.2584,Wed Mar 07 15:38:21 +0000 2018,0.903,0.0,0.097,".@TGowdySC: ""I don't know why the bureau would use opposition research in a court filing and they didn't bother to… https://t.co/9noNZPTapQ"
Fox News,0.8225,Wed Mar 07 15:35:04 +0000 2018,0.714,0.0,0.286,".@TomiLahren: ""I think [@tedcruz's] going to win. I think he's going to win big, as are the rest of the Republicans… https://t.co/X6CPVJRZhE"
Fox News,-0.34,Wed Mar 07 15:29:33 +0000 2018,0.806,0.194,0.0,First women attend Marine Combat Training Course at Camp Pendleton. https://t.co/HEs7GW2I0E
Fox News,-0.2263,Wed Mar 07 15:27:01 +0000 2018,0.888,0.112,0.0,Sen. @KamalaHarris slammed President @realDonaldTrump and his AG after the Trump @TheJusticeDept filed a lawsuit ag… https://t.co/Lq8M7s1afE
Fox News,0.0,Wed Mar 07 15:25:40 +0000 2018,1.0,0.0,0.0,House Democratic leaders hold a news conference https://t.co/NrVJtslqyd
Fox News,0.0,Wed Mar 07 15:22:07 +0000 2018,1.0,0.0,0.0,Trump Administration resignations/firings. https://t.co/xU9KZNRC6I
Fox News,0.5267,Wed Mar 07 15:22:03 +0000 2018,0.82,0.0,0.18,"RT @FoxBusiness: .@POTUS: ""I like different points of view, but the White House has a tremendous energy and we have tremendous talent."" htt…"
Fox News,0.128,Wed Mar 07 15:15:03 +0000 2018,0.919,0.0,0.081,TONIGHT: Attorney General Jeff Sessions sits down with @ShannonBream for an exclusive interview on “Fox News @ Nigh… https://t.co/iHUGv0EQga
Fox News,0.34,Wed Mar 07 15:14:59 +0000 2018,0.87,0.0,0.13,".@MarshaBlackburn: ""Secure the Southern border, end chain migration, end the diversity lottery, get this wall built… https://t.co/2aoBbBjypT"
Fox News,0.0,Wed Mar 07 15:10:37 +0000 2018,1.0,0.0,0.0,".@PressSec: ""[#GaryCohn's] been an integral member of the administration and he's going to continue to be a voice t… https://t.co/RTI25d81hm"
Fox News,0.4404,Wed Mar 07 14:54:58 +0000 2018,0.805,0.0,0.195,'We're Always Faithful to One Another': Marine Donates Kidney to Fellow Marine https://t.co/7y99p7AeRE
Fox News,-0.9001,Wed Mar 07 14:51:45 +0000 2018,0.421,0.579,0.0,"Missouri police officer killed, 2 others wounded in shooting; suspect dead https://t.co/ah4FXgVmyL"
Fox News,-0.34,Wed Mar 07 14:22:32 +0000 2018,0.806,0.194,0.0,"20-year-old sues Dick's, Walmart over new gun policies (via @FoxBusiness) https://t.co/7yrhzGXh6U"
Fox News,0.2732,Wed Mar 07 14:13:21 +0000 2018,0.725,0.111,0.164,".@TGowdySC: “The Department of Justice has a conflict, so they should not conduct this investigation… I think speci… https://t.co/VAjzWsCyiY"
Fox News,0.0,Wed Mar 07 14:05:08 +0000 2018,1.0,0.0,0.0,'It Makes Me Angry': Biden Says Some Dems 'Don't Get' Blue-Collar Voters https://t.co/fJMaI5NlPC
Fox News,0.296,Wed Mar 07 14:02:08 +0000 2018,0.879,0.0,0.121,.@WVGovernor: “Every aspect of what the Trump administration is doing is helping us in every way.” https://t.co/szzi9G6pzY
Fox News,0.0,Wed Mar 07 13:47:05 +0000 2018,1.0,0.0,0.0,"RT @FoxBusiness: .@stevenmnuchin1: ""NAFTA is an old deal. [@POTUS] wants to renegotiate that deal."" https://t.co/QGgis0u789"
Fox News,0.4767,Wed Mar 07 13:46:51 +0000 2018,0.773,0.0,0.227,"RT @FoxBusiness: .@stevenmnuchin1: ""This is about making sure that American companies have a level playing field."" https://t.co/Vp2VzPRena…"
Fox News,0.2023,Wed Mar 07 13:43:18 +0000 2018,0.904,0.0,0.096,".@SenatorTester: “Dodd-Frank, when passed after the meltdown… was an important piece of legislation to hold Wall St… https://t.co/YqoFBhSHu2"
Fox News,0.0,Wed Mar 07 13:39:25 +0000 2018,1.0,0.0,0.0,.@SenatorTester: “I believe in the Second Amendment.” https://t.co/KZ4bm8cCtx
Fox News,0.7269,Wed Mar 07 13:35:55 +0000 2018,0.697,0.0,0.303,".@SenatorTester: “We need to work to keep our kids safe, while respecting the Second Amendment.” https://t.co/5TEVk4bFvX"
Fox News,-0.296,Wed Mar 07 13:31:14 +0000 2018,0.864,0.136,0.0,OPINION: Trump’s North Korea pressure campaign is working -- Here’s what must happen next https://t.co/kn5GqGIAE1
Fox News,0.2732,Wed Mar 07 13:29:54 +0000 2018,0.792,0.0,0.208,.@RepKevinBrady: The president feels strongly about trade. @foxandfriends https://t.co/7UksdtVPEx
Fox News,-0.4019,Wed Mar 07 13:27:41 +0000 2018,0.748,0.252,0.0,"Plane crashes into Florida home, two people injured https://t.co/TKSV1YFHaq"
Fox News,0.4588,Wed Mar 07 13:19:38 +0000 2018,0.818,0.0,0.182,"Sgt. Bryan Weber: “Of course I’m going to want to do what I can, my part, to help him.” @foxandfriends https://t.co/qaDx16PN0H"
CNN,0.0,Wed Mar 07 20:29:18 +0000 2018,1.0,0.0,0.0,"WH press secretary Sarah Sanders said that as far as she knows, President Trump wasn't aware of a payment made by h… https://t.co/0hy11PJvrK"
CNN,0.1779,Wed Mar 07 20:17:08 +0000 2018,0.928,0.0,0.072,Amazon could wind up with more than 70 million banking customers over the next five years if it started to offer ch… https://t.co/qpoXZZYSul
CNN,0.0,Wed Mar 07 20:10:39 +0000 2018,1.0,0.0,0.0,Russian President Vladimir Putin in a recent interview separated a conciliatory attitude toward President Trump fro… https://t.co/gtwgpyCpHz
CNN,0.8176,Wed Mar 07 20:07:34 +0000 2018,0.691,0.0,0.309,RT @CNNPolitics: Sanders: Veterans Affairs Secretary David Shulkin “has done a great job” on a number of the things and “we’re proud of the…
CNN,-0.1655,Wed Mar 07 20:02:07 +0000 2018,0.808,0.109,0.083,"The US FDA gave its approval to a 23andMe test that screens for a few breast and ovarian cancer genes, but that app… https://t.co/1CxE97nx2g"
CNN,0.0,Wed Mar 07 19:59:31 +0000 2018,1.0,0.0,0.0,"RT @CNNPolitics: CNN's Jeff Zeleny: Was President Trump aware of the payment made to Stormy Daniels?

Sanders: ""The President has addressed…"
CNN,0.0,Wed Mar 07 19:58:37 +0000 2018,1.0,0.0,0.0,Jaguar reveals its first electric SUV https://t.co/d9zbBNs5sn https://t.co/f5Oj3Rbx9O
CNN,0.0,Wed Mar 07 19:56:03 +0000 2018,1.0,0.0,0.0,"RT @CNNPolitics: White House press secretary Sarah Sanders on staff turnover at the White House: ""It's not abnormal that you would have peo…"
CNN,0.8225,Wed Mar 07 19:50:04 +0000 2018,0.677,0.0,0.323,"Inspired by a TED Talk, this 16 year-old boy started a pilot program that hires homeless people to help clean up Sa… https://t.co/VqFLfMYSc9"
CNN,0.0,Wed Mar 07 19:47:41 +0000 2018,1.0,0.0,0.0,"The White House is holding a press briefing. Watch CNN: https://t.co/UYpqI3w42L

Watch on Facebook:… https://t.co/FmrnhiDRuu"
CNN,0.0,Wed Mar 07 19:40:08 +0000 2018,1.0,0.0,0.0,"The creator of Pepe the Frog, the once-innocent cartoon that was appropriated as a mascot of the alt-right, is suin… https://t.co/DYmjDxHd7H"
CNN,0.0,Wed Mar 07 19:30:30 +0000 2018,1.0,0.0,0.0,"""Mueller is closing in"": California Gov. Jerry Brown taunts Attorney General Jeff Sessions and President Trump afte… https://t.co/xbgYruQvAv"
CNN,-0.6249,Wed Mar 07 19:20:17 +0000 2018,0.702,0.298,0.0,Jack Daniel's could be an 'unfortunate and unintended victim' of Trump tariffs https://t.co/9HmsYSslpb https://t.co/Kb7jsKBtTg
CNN,-0.2732,Wed Mar 07 19:10:53 +0000 2018,0.884,0.116,0.0,"After dedicating his season to Parkland victim Joaquin Oliver, NBA star @DwyaneWade visited Marjory Stoneman Dougla… https://t.co/H7fukyxKrL"
CNN,0.0,Wed Mar 07 19:00:23 +0000 2018,1.0,0.0,0.0,A senior official at the Department of Health and Human Services returned to work this week after being placed on a… https://t.co/bai7A2a4TI
CNN,-0.0191,Wed Mar 07 18:52:26 +0000 2018,0.871,0.066,0.063,"RT @CNNnewsroom: Former US Ambassador to China Max Baucus says Jared Kushner ""will not be taken seriously"" on foreign trips without top sec…"
CNN,0.0,Wed Mar 07 18:50:08 +0000 2018,1.0,0.0,0.0,"Trump vs. California, again and again and again | Analysis by @zbyronwolf https://t.co/b5kJRWzsYK https://t.co/YVbcMrIG5l"
CNN,0.1779,Wed Mar 07 18:40:14 +0000 2018,0.904,0.0,0.096,"Amazon is offering Medicaid recipients a Prime Membership for $5.99 a month, a 54% discount from the normal rate… https://t.co/ETTiAXQMHF"
CNN,0.2187,Wed Mar 07 18:30:04 +0000 2018,0.774,0.095,0.13,"66% of Millennials have nothing saved for retirement, a new report shows. Of those who do save, most have less than… https://t.co/sJ90rOqodE"
CNN,-0.25,Wed Mar 07 18:20:41 +0000 2018,0.818,0.114,0.068,Chris Cuomo asks Sen. Ted Cruz why he’s criticizing his Democratic challenger Beto O’Rourke for going by the childh… https://t.co/SY0Wjd9AlG
CNN,0.0,Wed Mar 07 20:29:18 +0000 2018,1.0,0.0,0.0,"WH press secretary Sarah Sanders said that as far as she knows, President Trump wasn't aware of a payment made by h… https://t.co/0hy11PJvrK"
CNN,0.1779,Wed Mar 07 20:17:08 +0000 2018,0.928,0.0,0.072,Amazon could wind up with more than 70 million banking customers over the next five years if it started to offer ch… https://t.co/qpoXZZYSul
CNN,0.0,Wed Mar 07 20:10:39 +0000 2018,1.0,0.0,0.0,Russian President Vladimir Putin in a recent interview separated a conciliatory attitude toward President Trump fro… https://t.co/gtwgpyCpHz
CNN,0.8176,Wed Mar 07 20:07:34 +0000 2018,0.691,0.0,0.309,RT @CNNPolitics: Sanders: Veterans Affairs Secretary David Shulkin “has done a great job” on a number of the things and “we’re proud of the…
CNN,-0.1655,Wed Mar 07 20:02:07 +0000 2018,0.808,0.109,0.083,"The US FDA gave its approval to a 23andMe test that screens for a few breast and ovarian cancer genes, but that app… https://t.co/1CxE97nx2g"
CNN,0.0,Wed Mar 07 19:59:31 +0000 2018,1.0,0.0,0.0,"RT @CNNPolitics: CNN's Jeff Zeleny: Was President Trump aware of the payment made to Stormy Daniels?

Sanders: ""The President has addressed…"
CNN,0.0,Wed Mar 07 19:58:37 +0000 2018,1.0,0.0,0.0,Jaguar reveals its first electric SUV https://t.co/d9zbBNs5sn https://t.co/f5Oj3Rbx9O
CNN,0.0,Wed Mar 07 19:56:03 +0000 2018,1.0,0.0,0.0,"RT @CNNPolitics: White House press secretary Sarah Sanders on staff turnover at the White House: ""It's not abnormal that you would have peo…"
CNN,0.8225,Wed Mar 07 19:50:04 +0000 2018,0.677,0.0,0.323,"Inspired by a TED Talk, this 16 year-old boy started a pilot program that hires homeless people to help clean up Sa… https://t.co/VqFLfMYSc9"
CNN,0.0,Wed Mar 07 19:47:41 +0000 2018,1.0,0.0,0.0,"The White House is holding a press briefing. Watch CNN: https://t.co/UYpqI3w42L

Watch on Facebook:… https://t.co/FmrnhiDRuu"
CNN,0.0,Wed Mar 07 19:40:08 +0000 2018,1.0,0.0,0.0,"The creator of Pepe the Frog, the once-innocent cartoon that was appropriated as a mascot of the alt-right, is suin… https://t.co/DYmjDxHd7H"
CNN,0.0,Wed Mar 07 19:30:30 +0000 2018,1.0,0.0,0.0,"""Mueller is closing in"": California Gov. Jerry Brown taunts Attorney General Jeff Sessions and President Trump afte… https://t.co/xbgYruQvAv"
CNN,-0.6249,Wed Mar 07 19:20:17 +0000 2018,0.702,0.298,0.0,Jack Daniel's could be an 'unfortunate and unintended victim' of Trump tariffs https://t.co/9HmsYSslpb https://t.co/Kb7jsKBtTg
CNN,-0.2732,Wed Mar 07 19:10:53 +0000 2018,0.884,0.116,0.0,"After dedicating his season to Parkland victim Joaquin Oliver, NBA star @DwyaneWade visited Marjory Stoneman Dougla… https://t.co/H7fukyxKrL"
CNN,0.0,Wed Mar 07 19:00:23 +0000 2018,1.0,0.0,0.0,A senior official at the Department of Health and Human Services returned to work this week after being placed on a… https://t.co/bai7A2a4TI
CNN,-0.0191,Wed Mar 07 18:52:26 +0000 2018,0.871,0.066,0.063,"RT @CNNnewsroom: Former US Ambassador to China Max Baucus says Jared Kushner ""will not be taken seriously"" on foreign trips without top sec…"
CNN,0.0,Wed Mar 07 18:50:08 +0000 2018,1.0,0.0,0.0,"Trump vs. California, again and again and again | Analysis by @zbyronwolf https://t.co/b5kJRWzsYK https://t.co/YVbcMrIG5l"
CNN,0.1779,Wed Mar 07 18:40:14 +0000 2018,0.904,0.0,0.096,"Amazon is offering Medicaid recipients a Prime Membership for $5.99 a month, a 54% discount from the normal rate… https://t.co/ETTiAXQMHF"
CNN,0.2187,Wed Mar 07 18:30:04 +0000 2018,0.774,0.095,0.13,"66% of Millennials have nothing saved for retirement, a new report shows. Of those who do save, most have less than… https://t.co/sJ90rOqodE"
CNN,-0.25,Wed Mar 07 18:20:41 +0000 2018,0.818,0.114,0.068,Chris Cuomo asks Sen. Ted Cruz why he’s criticizing his Democratic challenger Beto O’Rourke for going by the childh… https://t.co/SY0Wjd9AlG
CNN,-0.2263,Wed Mar 07 18:10:08 +0000 2018,0.888,0.112,0.0,Donald Trump's alias and 7 other 'wow' moments from the Stormy Daniels lawsuit | Analysis by @CillizzaCNN… https://t.co/nyBqnBtfLi
CNN,0.296,Wed Mar 07 18:00:05 +0000 2018,0.855,0.0,0.145,Oprah Winfrey has sold about a quarter of her shares in Weight Watchers https://t.co/iLVC9CcEle https://t.co/Utg5FrrPuf
CNN,-0.4939,Wed Mar 07 17:48:53 +0000 2018,0.849,0.151,0.0,"JUST IN: Former Russian spy Sergei Skripal and his daughter Yulia were poisoned intentionally with a nerve agent, U… https://t.co/eCd5DCR9Eb"
CNN,0.2263,Wed Mar 07 17:42:14 +0000 2018,0.718,0.118,0.164,Massive billboards in New York's Times Square honor victims of the Florida high school shooting… https://t.co/owKxfwfrXQ
CNN,0.5994,Wed Mar 07 17:34:33 +0000 2018,0.738,0.0,0.262,Why Wall Street loved Gary Cohn inside the White House https://t.co/5I8DncHX2b https://t.co/EGtDEdbHyQ
CNN,0.0,Wed Mar 07 17:21:06 +0000 2018,1.0,0.0,0.0,Uber says it has started using self-driving trucks to haul freight in Arizona https://t.co/jZ0bzj4rKy https://t.co/KdpaF94QtA
CNN,-0.7003,Wed Mar 07 17:15:14 +0000 2018,0.721,0.279,0.0,"Attorney General Jeff Sessions takes his war against sanctuary cities to California, announcing a federal lawsuit a… https://t.co/OTCz5W5hzb"
CNN,0.0772,Wed Mar 07 17:07:32 +0000 2018,0.939,0.0,0.061,"Over 1.3 million live animals and plants, and a similar number of animal skins, have been exported from Africa to A… https://t.co/64sLnj03ZW"
CNN,0.0,Wed Mar 07 17:00:02 +0000 2018,1.0,0.0,0.0,"The world's oldest known message in a bottle has been found on an Australian beach, nearly 132 years after it was t… https://t.co/s4iFCytB6t"
CNN,-0.4588,Wed Mar 07 16:52:18 +0000 2018,0.85,0.15,0.0,The Taliban banned women from being journalists in Afghanistan. Now the country has an all-female television networ… https://t.co/CnI4J1fei8
CNN,0.7269,Wed Mar 07 16:50:39 +0000 2018,0.724,0.0,0.276,"Barbie has introduced new dolls honoring heroines such as aviator Amelia Earhart, artist and activist Frida Kahlo,… https://t.co/MrsIZ5AA4D"
CNN,0.6369,Wed Mar 07 16:40:06 +0000 2018,0.755,0.0,0.245,"As Florida lawmakers prepare to vote on a measure aimed at boosting school safety, the state's Republican governor… https://t.co/eFJ51SvXfO"
CNN,-0.5267,Wed Mar 07 16:32:47 +0000 2018,0.708,0.196,0.096,The US government says it's sanctioning North Korea after deeming its government responsible for the murder of Kim… https://t.co/3wr6NB87xq
CNN,0.9274,Wed Mar 07 16:30:00 +0000 2018,0.543,0.0,0.457,.@iamwill says the definition of freedom is love. Tell us what freedom means to you using #MyFreedomDay… https://t.co/hqVB3mVduc
CNN,0.0,Wed Mar 07 16:20:13 +0000 2018,1.0,0.0,0.0,Students and teachers in West Virginia are back to school today for the first time in nearly two weeks after educat… https://t.co/CynuWqAbyH
CNN,-0.3818,Wed Mar 07 16:10:07 +0000 2018,0.841,0.159,0.0,"Airbus announces it will move or cut 3,700 jobs across Europe because of reduced demand for its A380 superjumbo and… https://t.co/7c8pREVwj0"
CNN,0.0,Wed Mar 07 16:10:07 +0000 2018,1.0,0.0,0.0,Dating app Bumble is banning photos with guns from its platform https://t.co/LMahJTYlYO https://t.co/h9nLhSMklN
CNN,0.0,Wed Mar 07 16:01:44 +0000 2018,1.0,0.0,0.0,"BlackBerry sues Facebook, along with its subsidiaries WhatsApp and Instagram, for infringing on its messaging paten… https://t.co/u9uQi1pYjA"
CNN,0.2023,Wed Mar 07 15:51:29 +0000 2018,0.909,0.0,0.091,White House aide Kellyanne Conway is the latest of President Trump's top employees to receive an official reprimand… https://t.co/QhJocNUVYK
CNN,-0.3818,Wed Mar 07 15:41:14 +0000 2018,0.806,0.194,0.0,"A 20-year-old man has filed a lawsuit against Dick's Sporting Goods, accusing the retailer of age discrimination fo… https://t.co/3G5sWzM1iT"
CNN,0.0,Wed Mar 07 15:41:10 +0000 2018,1.0,0.0,0.0,"Michelle Obama dances with Parker Curry, the little girl who was transfixed by a portrait of the former first lady… https://t.co/CaIuufp2wn"
CNN,-0.8934,Wed Mar 07 15:30:19 +0000 2018,0.599,0.401,0.0,"Cecil the lion ""suffered incredible cruelty for at least 10 hours"" before he died, according to a new book… https://t.co/pvSCZGOooG"
CNN,0.0,Wed Mar 07 15:20:13 +0000 2018,1.0,0.0,0.0,"Commerce Secretary Wilbur Ross: We'll do tariffs ""without blowing up the world"" https://t.co/WXSvHqiL75 https://t.co/rVTWEflvhM"
CNN,0.0,Wed Mar 07 15:10:15 +0000 2018,1.0,0.0,0.0,The Democrat who will face off against Texas Sen. Ted Cruz in the Texas Senate race later this year is defending hi… https://t.co/SEECQfNLRR
CNN,0.25,Wed Mar 07 15:00:13 +0000 2018,0.857,0.0,0.143,Texas is poised to send its first 2 Latina politicians to Congress https://t.co/NMi2kAzU2r https://t.co/ObTYtraVkC
CNN,0.6597,Wed Mar 07 14:50:08 +0000 2018,0.779,0.0,0.221,Democrats were hoping to make a statement in last night's Texas primary. But the results make it clear that Texas s… https://t.co/JEKdzaXsZT
CNN,0.0,Wed Mar 07 14:40:08 +0000 2018,1.0,0.0,0.0,"White House senior adviser Jared Kushner is traveling to Mexico today for meetings, including one with Mexican Pres… https://t.co/uLiYWzoHi2"
CNN,-0.296,Wed Mar 07 14:30:20 +0000 2018,0.901,0.099,0.0,More than 50 million people are under winter storm warnings and watches as a second nor'easter in the span of a wee… https://t.co/6QWHjBgqo8
CNN,-0.4019,Wed Mar 07 14:20:17 +0000 2018,0.787,0.213,0.0,Rafael (Ted) Cruz justifies mocking Robert (Beto) O'Rourke's name https://t.co/TKG9SVXGOf https://t.co/jCKsukDvM7
CNN,0.4767,Wed Mar 07 14:11:31 +0000 2018,0.86,0.0,0.14,Genetic testing company 23andMe has been give federal approval to sell at-home kits that test for three breast canc… https://t.co/upxStaWMiH
CNN,0.0,Wed Mar 07 14:09:18 +0000 2018,1.0,0.0,0.0,Olympic figure skater Adam Rippon says he is now willing to meet with Vice President Mike Pence: “Now is the right… https://t.co/kqtQ3Vd1fD
CNN,-0.4939,Wed Mar 07 14:00:06 +0000 2018,0.677,0.222,0.102,"What happened in Trump’s White House the day he said there was ""no chaos""

- Office of Special Counsel announces Ke… https://t.co/p8cXl4KTLu"
CNN,0.0,Wed Mar 07 13:54:00 +0000 2018,1.0,0.0,0.0,"The world's oldest known message in a bottle has been found on an Australian beach, nearly 132 years after it was t… https://t.co/wcef389Cpz"
CNN,0.0,Wed Mar 07 13:49:48 +0000 2018,1.0,0.0,0.0,"Barbie unveils dolls based on real-life figures including Amelia Earhart, Frida Kahlo, Katherine Johnson and Chloe… https://t.co/0ns5aOabTe"
CNN,0.0,Wed Mar 07 13:37:31 +0000 2018,1.0,0.0,0.0,Vice President Mike Pence hits the campaign trail https://t.co/PVEisp1cZd https://t.co/ffcnIQcdrU
CNN,-0.25,Wed Mar 07 13:23:59 +0000 2018,0.818,0.114,0.068,Chris Cuomo asks Sen. Ted Cruz why he’s criticizing his Democratic challenger Beto O’Rourke for going by the childh… https://t.co/M3dkD762eG
CNN,-0.0772,Wed Mar 07 13:17:58 +0000 2018,0.86,0.14,0.0,"Sorry, Hollywood. Netflix rules the media world https://t.co/vpEG5W7BU8 https://t.co/uzscDmpMqw"
CNN,-0.3182,Wed Mar 07 13:10:06 +0000 2018,0.845,0.155,0.0,"The production company behind ""Wolf of Wall Street"" will pay the US government $60 million to settle a lawsuit that… https://t.co/cvMVBEIHla"
CNN,0.4588,Wed Mar 07 13:05:54 +0000 2018,0.81,0.0,0.19,"RT @CNNPolitics: Sen. Ted Cruz's Democratic challenger, Beto O'Rourke, says he was encouraged by last night's primary results https://t.co/…"
CNN,-0.7184,Wed Mar 07 13:04:04 +0000 2018,0.667,0.333,0.0,"In Trump's White House, the conflict is the chaos | Analysis by @zbyronwolf https://t.co/nIOVMxFu6W https://t.co/UhglhCrQSx"
CNN,-0.0772,Wed Mar 07 12:59:37 +0000 2018,0.797,0.108,0.096,"RT @CNNPolitics: Sen. Ted Cruz defends his ad mocking Beto O'Rourke's name, saying it was meant to highlight the Democrat's liberal policy…"
CNN,-0.5719,Wed Mar 07 12:49:47 +0000 2018,0.636,0.247,0.117,"Texas Sen. Ted Cruz: ""The extreme left right now is energized. They are angry. They hate the President... That bein… https://t.co/MiLsFEYGb1"
CNN,-0.1027,Wed Mar 07 12:43:05 +0000 2018,0.739,0.139,0.122,"The powerful ""bomb cyclone"" that battered the Northeast over the weekend also uncovered the wreckage of a ship that… https://t.co/O0nvoa3xWF"
CNN,0.3818,Wed Mar 07 12:32:25 +0000 2018,0.874,0.0,0.126,"A onetime symbol of integrity, Megan Barry made history as Nashville's first female mayor. But she stepped down aft… https://t.co/ozizgbE0hY"
CNN,0.0,Wed Mar 07 12:22:28 +0000 2018,1.0,0.0,0.0,A woman has found the world's oldest known message in a bottle after it washed up on an Australian beach. The messa… https://t.co/DqSAOVsEhf
CNN,0.0,Wed Mar 07 12:20:07 +0000 2018,1.0,0.0,0.0,"5 things for Wednesday:

- White House
- Immigration
- North Korea
- UK and Russia
- Weather… https://t.co/JxyrsLSDqG"
CNN,0.0,Wed Mar 07 12:10:01 +0000 2018,1.0,0.0,0.0,"The Northeast is getting another winter storm, just after a weekend nor'easter brought wind, snow and flooding to t… https://t.co/I9eFuRo5zD"
CNN,0.0,Wed Mar 07 12:00:30 +0000 2018,1.0,0.0,0.0,Coca-Cola is launching an alcoholic drink in Japan https://t.co/MCpqpxSJT5 https://t.co/OwnrKWTpVh
CNN,0.0,Wed Mar 07 11:50:29 +0000 2018,1.0,0.0,0.0,The 2-year-old girl who was transfixed by a portrait of Michelle Obama last week got to meet the real person -- and… https://t.co/wqJLhdblCt
CNN,-0.4588,Wed Mar 07 11:42:05 +0000 2018,0.789,0.211,0.0,"""Dumpster fire"" is in the Merriam-Webster dictionary now, defined as ""an utterly calamitous or mismanaged situation… https://t.co/DRFxVBlH8g"
CNN,-0.4939,Wed Mar 07 11:30:04 +0000 2018,0.688,0.229,0.083,"Gary Cohn's sudden resignation as President Trump's top economic adviser has rattled Wall Street, stoking fears the… https://t.co/NUZqX4ZWo7"
CNN,0.0,Wed Mar 07 11:23:56 +0000 2018,1.0,0.0,0.0,"The Trump administration has quietly said it will consider big game trophy imports on a ""case-by-case"" basis… https://t.co/EYCc91kKuF"
CNN,-0.1027,Wed Mar 07 10:56:16 +0000 2018,0.8,0.11,0.09,"Gary Cohn's sudden resignation as President Donald Trump's top economic adviser has rattled Wall Street, stoking fe… https://t.co/WHgDWkDPLK"
CNN,-0.5574,Wed Mar 07 10:40:45 +0000 2018,0.753,0.247,0.0,Mississippi could be the first state with 15-week abortion ban https://t.co/eU8lTfOp2L https://t.co/a7oBl31scw
CNN,-0.5759,Wed Mar 07 10:30:16 +0000 2018,0.792,0.208,0.0,"The porn star known as Stormy Daniels is suing President Trump, claiming that he never signed a hush agreement abou… https://t.co/IPSNkHeZN7"
CNN,-0.9648,Wed Mar 07 10:24:04 +0000 2018,0.392,0.608,0.0,"Detained. Beaten. Threatened with acid, rape and abuse. But the women protesting Iran's compulsory hijab law are no… https://t.co/stzgy7LKka"
CNN,-0.5267,Wed Mar 07 09:59:28 +0000 2018,0.708,0.196,0.096,The US government says it's sanctioning North Korea after deeming its government responsible for the murder of Kim… https://t.co/sicW5sp56a
CNN,0.5413,Wed Mar 07 09:47:40 +0000 2018,0.643,0.108,0.249,China's most popular social media app has amassed 1 billion users. But it's going to have trouble attracting anothe… https://t.co/gBO0wEVKpB
CNN,0.0,Wed Mar 07 09:35:03 +0000 2018,1.0,0.0,0.0,"The USS Carl Vinson has moored just off the coast of Da Nang, Vietnam. It is the first time a US Navy aircraft carr… https://t.co/Re0BRv8AKu"
CNN,-0.796,Wed Mar 07 09:22:57 +0000 2018,0.738,0.262,0.0,"At least 78 people have died in Nigeria with hundreds more infected in an outbreak of Lassa fever, the Nigeria Cent… https://t.co/itaVcs8lvo"
The New York Times,0.0,Wed Mar 07 20:30:12 +0000 2018,1.0,0.0,0.0,"Lawyers worked relentlessly to discredit the alleged victim’s account. They showed off her Halloween costume, a bla… https://t.co/cUk9bhaalB"
The New York Times,-0.3612,Wed Mar 07 20:20:56 +0000 2018,0.848,0.152,0.0,RT @NYTNational: The evening commute could get messy. Here's the latest on the nor'easter https://t.co/Sf1i7wYIPV
The New York Times,0.2944,Wed Mar 07 20:17:46 +0000 2018,0.813,0.069,0.118,"RT @fmanjoo: I spent 2 months getting the news mostly from print. It changed my life.

I was better informed, less anxious, and I had tons…"
The New York Times,0.0,Wed Mar 07 20:15:06 +0000 2018,1.0,0.0,0.0,School officials called the podcast “concerning” and said the teacher had been removed from the classroom https://t.co/GIwIdVNGnj
The New York Times,0.0,Wed Mar 07 20:00:25 +0000 2018,1.0,0.0,0.0,It is believed to be the oldest known message in a bottle ever recovered https://t.co/80UquQH4vs
The New York Times,0.7096,Wed Mar 07 19:45:05 +0000 2018,0.743,0.0,0.257,"Fans of the book and admirers of Ava DuVernay’s work can breathe a sigh of relief, and some may also find that thei… https://t.co/79AxAes6aH"
The New York Times,0.1366,Wed Mar 07 19:30:27 +0000 2018,0.587,0.196,0.218,South Korean envoys were not prepared for how daring Kim Jong-un could be in his charm offensive https://t.co/JjLTugDYxv
The New York Times,0.0,Wed Mar 07 19:15:13 +0000 2018,1.0,0.0,0.0,"RT @danielle_ivory: Hundreds of former Trump campaign workers have been hired at every major federal agency. At the White House, there have…"
The New York Times,0.0,Wed Mar 07 19:00:38 +0000 2018,1.0,0.0,0.0,"The cells that eat, regurgitate and then re-eat your tattoos https://t.co/YqPl80y1TI"
The New York Times,-0.6361,Wed Mar 07 18:50:09 +0000 2018,0.62,0.285,0.095,Peter Thiel warned for years that the big tech companies were arrogant and clueless and less good for mankind than… https://t.co/CDL27t8iu2
The New York Times,-0.6124,Wed Mar 07 18:40:42 +0000 2018,0.762,0.238,0.0,“This is basically going to war.” California’s governor struck back after Attorney General Jeff Sessions attacked t… https://t.co/CwetPpkj9a
The New York Times,-0.2732,Wed Mar 07 18:27:53 +0000 2018,0.89,0.11,0.0,Should Germany’s national anthem drop the words “fatherland” and “brotherly”? An official suggested some ways to ma… https://t.co/mtjTh840M2
The New York Times,-0.1293,Wed Mar 07 18:12:50 +0000 2018,0.812,0.126,0.062,"A week's worth of gas. A few gallons of milk. Few are complaining, but many in the working class are not feeling fl… https://t.co/sB9O02xef3"
The New York Times,0.5423,Wed Mar 07 18:00:40 +0000 2018,0.824,0.0,0.176,"The number of public psychiatric beds in the U.S. has plunged, and the need for acute care is pressing. But what to… https://t.co/mt8k1ew9yN"
The New York Times,-0.4939,Wed Mar 07 17:54:59 +0000 2018,0.856,0.144,0.0,"Breaking News: An ex-Russian spy and his daughter were poisoned by a nerve agent in England, the police said, raisi… https://t.co/Puh2ttTkSL"
The New York Times,0.0,Wed Mar 07 17:47:40 +0000 2018,1.0,0.0,0.0,"The database, assembled through hundreds of open records requests: https://t.co/qmIcm8RXvL"
The New York Times,0.25,Wed Mar 07 17:45:49 +0000 2018,0.895,0.0,0.105,"A database of the employees, assembled by ProPublica, offers a comprehensive look at how Trump is influencing the d… https://t.co/7KQuMGN1RS"
The New York Times,-0.6249,Wed Mar 07 17:44:03 +0000 2018,0.823,0.177,0.0,The Trump administration has hired at least 187 former lobbyists and 125 people with ties to conservative think tan… https://t.co/Jknl13waaj
The New York Times,0.25,Wed Mar 07 17:43:52 +0000 2018,0.655,0.155,0.19,"""The greatest challenge to lasting weight loss is the fact that no one can give up eating. Rather, one has to learn… https://t.co/2sxwOrYwqM"
The New York Times,-0.3818,Wed Mar 07 17:27:52 +0000 2018,0.894,0.106,0.0,An opponent of the bill has said he would fight it: “I will present an amendment that the frontage road be designat… https://t.co/XnkXDs10it
The New York Times,0.0,Wed Mar 07 20:30:12 +0000 2018,1.0,0.0,0.0,"Lawyers worked relentlessly to discredit the alleged victim’s account. They showed off her Halloween costume, a bla… https://t.co/cUk9bhaalB"
The New York Times,-0.3612,Wed Mar 07 20:20:56 +0000 2018,0.848,0.152,0.0,RT @NYTNational: The evening commute could get messy. Here's the latest on the nor'easter https://t.co/Sf1i7wYIPV
The New York Times,0.2944,Wed Mar 07 20:17:46 +0000 2018,0.813,0.069,0.118,"RT @fmanjoo: I spent 2 months getting the news mostly from print. It changed my life.

I was better informed, less anxious, and I had tons…"
The New York Times,0.0,Wed Mar 07 20:15:06 +0000 2018,1.0,0.0,0.0,School officials called the podcast “concerning” and said the teacher had been removed from the classroom https://t.co/GIwIdVNGnj
The New York Times,0.0,Wed Mar 07 20:00:25 +0000 2018,1.0,0.0,0.0,It is believed to be the oldest known message in a bottle ever recovered https://t.co/80UquQH4vs
The New York Times,0.7096,Wed Mar 07 19:45:05 +0000 2018,0.743,0.0,0.257,"Fans of the book and admirers of Ava DuVernay’s work can breathe a sigh of relief, and some may also find that thei… https://t.co/79AxAes6aH"
The New York Times,0.1366,Wed Mar 07 19:30:27 +0000 2018,0.587,0.196,0.218,South Korean envoys were not prepared for how daring Kim Jong-un could be in his charm offensive https://t.co/JjLTugDYxv
The New York Times,0.0,Wed Mar 07 19:15:13 +0000 2018,1.0,0.0,0.0,"RT @danielle_ivory: Hundreds of former Trump campaign workers have been hired at every major federal agency. At the White House, there have…"
The New York Times,0.0,Wed Mar 07 19:00:38 +0000 2018,1.0,0.0,0.0,"The cells that eat, regurgitate and then re-eat your tattoos https://t.co/YqPl80y1TI"
The New York Times,-0.6361,Wed Mar 07 18:50:09 +0000 2018,0.62,0.285,0.095,Peter Thiel warned for years that the big tech companies were arrogant and clueless and less good for mankind than… https://t.co/CDL27t8iu2
The New York Times,-0.6124,Wed Mar 07 18:40:42 +0000 2018,0.762,0.238,0.0,“This is basically going to war.” California’s governor struck back after Attorney General Jeff Sessions attacked t… https://t.co/CwetPpkj9a
The New York Times,-0.2732,Wed Mar 07 18:27:53 +0000 2018,0.89,0.11,0.0,Should Germany’s national anthem drop the words “fatherland” and “brotherly”? An official suggested some ways to ma… https://t.co/mtjTh840M2
The New York Times,-0.1293,Wed Mar 07 18:12:50 +0000 2018,0.812,0.126,0.062,"A week's worth of gas. A few gallons of milk. Few are complaining, but many in the working class are not feeling fl… https://t.co/sB9O02xef3"
The New York Times,0.5423,Wed Mar 07 18:00:40 +0000 2018,0.824,0.0,0.176,"The number of public psychiatric beds in the U.S. has plunged, and the need for acute care is pressing. But what to… https://t.co/mt8k1ew9yN"
The New York Times,-0.4939,Wed Mar 07 17:54:59 +0000 2018,0.856,0.144,0.0,"Breaking News: An ex-Russian spy and his daughter were poisoned by a nerve agent in England, the police said, raisi… https://t.co/Puh2ttTkSL"
The New York Times,0.0,Wed Mar 07 17:47:40 +0000 2018,1.0,0.0,0.0,"The database, assembled through hundreds of open records requests: https://t.co/qmIcm8RXvL"
The New York Times,0.25,Wed Mar 07 17:45:49 +0000 2018,0.895,0.0,0.105,"A database of the employees, assembled by ProPublica, offers a comprehensive look at how Trump is influencing the d… https://t.co/7KQuMGN1RS"
The New York Times,-0.6249,Wed Mar 07 17:44:03 +0000 2018,0.823,0.177,0.0,The Trump administration has hired at least 187 former lobbyists and 125 people with ties to conservative think tan… https://t.co/Jknl13waaj
The New York Times,0.25,Wed Mar 07 17:43:52 +0000 2018,0.655,0.155,0.19,"""The greatest challenge to lasting weight loss is the fact that no one can give up eating. Rather, one has to learn… https://t.co/2sxwOrYwqM"
The New York Times,-0.3818,Wed Mar 07 17:27:52 +0000 2018,0.894,0.106,0.0,An opponent of the bill has said he would fight it: “I will present an amendment that the frontage road be designat… https://t.co/XnkXDs10it
The New York Times,0.0,Wed Mar 07 17:26:18 +0000 2018,1.0,0.0,0.0,"A Utah lawmaker has introduced a bill that would rename the state’s most scenic route, which rolls through iconic n… https://t.co/w2EmEqaALT"
The New York Times,0.0,Wed Mar 07 17:18:08 +0000 2018,1.0,0.0,0.0,"RT @EricLiptonNYT: JUST POSTED: Trump admin has appointed at least 254 former Trump campaign staffers, in spots across federal government,…"
The New York Times,0.0,Wed Mar 07 17:15:10 +0000 2018,1.0,0.0,0.0,"The Vatican announced that Pope Paul VI and the slain Salvadoran Archbishop Óscar Romero will be made saints, after… https://t.co/BQXYsA0ojj"
The New York Times,0.5994,Wed Mar 07 17:12:07 +0000 2018,0.701,0.077,0.221,"RT @nytimesarts: “A Wrinkle in Time” is faithful to the affirmative, democratic intelligence of the book, our critic A.O. Scott writes http…"
The New York Times,0.1779,Wed Mar 07 17:00:30 +0000 2018,0.904,0.0,0.096,Amazon will offer a discount on its Prime membership program to the millions of recipients of Medicaid https://t.co/etPOjTD2Jj
The New York Times,0.0,Wed Mar 07 16:45:13 +0000 2018,1.0,0.0,0.0,"On Queer Eye, @Antoni Porowski imparts lessons in home cooking that often involve ?. Some might say too often. But… https://t.co/VJpLYh1UZU"
The New York Times,0.0,Wed Mar 07 16:36:04 +0000 2018,1.0,0.0,0.0,"More than 2,000 flights had been canceled across the country on Wednesday, many at airports in the storm’s path https://t.co/eRJc93XZ9O"
The New York Times,0.4404,Wed Mar 07 16:30:27 +0000 2018,0.775,0.0,0.225,Bricklayers think they’re safe from robots. Decide for yourself. https://t.co/USUzR5wJ3Y https://t.co/RTYSyyK79c
The New York Times,-0.4951,Wed Mar 07 16:23:02 +0000 2018,0.72,0.201,0.079,Business leaders are lamenting the loss of one of their own from what is among the U.S.’s most important economic p… https://t.co/jQSiXJWgIC
The New York Times,0.2023,Wed Mar 07 16:15:10 +0000 2018,0.417,0.273,0.31,"If ""The Bachelor"" is love, our watchers agree, let's all die alone https://t.co/xc05ijrKCu"
The New York Times,0.2023,Wed Mar 07 16:06:02 +0000 2018,0.913,0.0,0.087,"Stocks fell in early trading on Wall Street, a day after President Trump’s top economic adviser, Gary Cohn, said he… https://t.co/u6bhiuVrqN"
The New York Times,-0.5256,Wed Mar 07 16:00:30 +0000 2018,0.834,0.166,0.0,"In Opinion

Op-Ed contributor Victor Blue writes, ""Afghanistan is more dangerous for civilians than ever. Without r… https://t.co/pvvpG3xXYZ"
The New York Times,0.2023,Wed Mar 07 15:51:07 +0000 2018,0.917,0.0,0.083,"The picture shows a boy perched on a sofa, reaching for a pink flower. It's the sort of snapshot parents all over t… https://t.co/UlAZ7auLOe"
The New York Times,-0.5267,Wed Mar 07 15:39:39 +0000 2018,0.804,0.196,0.0,"RT @nytimesworld: Caught between two allies: The U.S. is under pressure from Turkey, a NATO member, to stop American-backed Kurdish forces…"
The New York Times,0.0,Wed Mar 07 15:37:05 +0000 2018,1.0,0.0,0.0,"In Opinion,

Op-Ed contributor John Quiggin writes, ""Dividing society by generation obscures the real and enduring… https://t.co/WXt8afIYia"
The New York Times,0.2023,Wed Mar 07 15:33:05 +0000 2018,0.913,0.0,0.087,"Anatoly Lein, a Russian-born American chess grandmaster who was among the world's top 30 players at his peak, has d… https://t.co/g5Lhw4W44i"
The New York Times,0.8481,Wed Mar 07 15:30:00 +0000 2018,0.586,0.0,0.414,"Balkrishna Doshi, 90, a pioneer of low-cost housing, was awarded the Pritzker Prize, architecture’s highest honor https://t.co/Vyaev36ebw"
The New York Times,0.4019,Wed Mar 07 15:18:03 +0000 2018,0.617,0.136,0.247,"When her father's request for ""compassionate release"" was finally approved, prison officials told her he'd be comin… https://t.co/SWp3DsZjrD"
The New York Times,0.4215,Wed Mar 07 15:11:06 +0000 2018,0.872,0.0,0.128,EU officials unveiled an array of tariffs that they would place on American-made goods if the United States imposed… https://t.co/raGb0ZOtvu
The New York Times,0.0,Wed Mar 07 15:00:37 +0000 2018,1.0,0.0,0.0,Morning Briefing: Here's what you need to know to start your day https://t.co/CTZm6dLWwI https://t.co/5LoYSE9X98
The New York Times,-0.0258,Wed Mar 07 14:50:11 +0000 2018,0.717,0.163,0.12,Jimmy Kimmel struck back at President Trump after Trump ribbed the Academy Awards show for its low ratings. Our lat… https://t.co/vvXJEuZJ7Q
The New York Times,0.743,Wed Mar 07 14:40:09 +0000 2018,0.741,0.0,0.259,The United States Holocaust Memorial Museum has revoked a prestigious human rights award it had given to Daw Aung S… https://t.co/a7VU7BS5Cz
The New York Times,-0.4404,Wed Mar 07 14:30:05 +0000 2018,0.879,0.121,0.0,"Cynthia Nixon, the ""Sex and the City"" actress, is studying up on the subway: It's a weak spot for Governor Cuomo, w… https://t.co/Xy67VISSG9"
The New York Times,-0.3182,Wed Mar 07 14:15:08 +0000 2018,0.827,0.173,0.0,President Trump's claims are often contradicted by his own economic council https://t.co/y6Rrp52yFH
The New York Times,0.3612,Wed Mar 07 14:00:14 +0000 2018,0.872,0.0,0.128,"""Turning off the buzzing breaking-news machine I carry in my pocket was like unshackling myself from a monster who… https://t.co/uJoNbN2aeT"
The New York Times,-0.3875,Wed Mar 07 13:44:01 +0000 2018,0.859,0.141,0.0,Donald Trump intentionally never signed a nondisclosure agreement in 2016 so that he could later disavow knowledge… https://t.co/QfnUpr91w9
The New York Times,0.0,Wed Mar 07 13:30:20 +0000 2018,1.0,0.0,0.0,"Democrats in Texas's biggest cities came out in large numbers, but Republicans still cast more ballots over all https://t.co/W7zA9zgl9s"
The New York Times,-0.5267,Wed Mar 07 13:14:06 +0000 2018,0.848,0.152,0.0,"For the first time, a Belgian criminal court has convicted a man of ""sexism in the public space,"" for verbally abus… https://t.co/Akm6HzLB6C"
The New York Times,0.0,Wed Mar 07 13:00:32 +0000 2018,1.0,0.0,0.0,Morning Briefing: Here's what you need to know to start your day https://t.co/uJRYazQhjP https://t.co/4H4BoT74GQ
The New York Times,-0.1531,Wed Mar 07 12:45:06 +0000 2018,0.802,0.113,0.085,"Gary Cohn, President Trump's top economic adviser, said that he would resign. His free-trade views clashed with Tru… https://t.co/n3KOtz8jSg"
The New York Times,0.0,Wed Mar 07 12:30:08 +0000 2018,1.0,0.0,0.0,Full results and maps from the Texas primaries https://t.co/WhLZDBW58T
The New York Times,0.0,Wed Mar 07 12:14:07 +0000 2018,1.0,0.0,0.0,A winter storm is set to blanket New York with snow this morning. Here's what you need to know for your commute: https://t.co/dElaiWOkhQ
The New York Times,0.4215,Wed Mar 07 12:00:28 +0000 2018,0.872,0.0,0.128,South Korean envoys said that North Korea was open to negotiations with the United States over its nuclear program https://t.co/DoRWBTTx3q
The New York Times,-0.128,Wed Mar 07 11:44:03 +0000 2018,0.753,0.134,0.113,Republicans fear that moving ahead with the tariffs could send the party — not to mention the economy — spiraling i… https://t.co/0cuEHwIWWc
The New York Times,0.0,Wed Mar 07 11:30:19 +0000 2018,1.0,0.0,0.0,Morning Briefing: Here's what you need to know to start your day https://t.co/FQ9skfd8cD https://t.co/FOqSi6yT1I
The New York Times,0.4215,Wed Mar 07 11:13:02 +0000 2018,0.882,0.0,0.118,The Northeast United States is bracing for the second major winter storm in less than a week. A foot of snow is exp… https://t.co/Jb1W82k8bd
The New York Times,0.0,Wed Mar 07 11:00:26 +0000 2018,1.0,0.0,0.0,"RT @PatrickKingsley: On Sunday, Sergey Skripal seems to have turned right past the library, down an alleyway, past the gym on the left, ove…"
The New York Times,0.0,Wed Mar 07 10:45:12 +0000 2018,1.0,0.0,0.0,How Trump's tariffs would affect Australia https://t.co/DxNa9Uoqdf
The New York Times,0.296,Wed Mar 07 10:30:14 +0000 2018,0.816,0.071,0.112,"RT @nytimesworld: Millions of women and children work as sex slaves in India. Meet the woman who has put her life at risk to rescue 20,000…"
The New York Times,-0.8714,Wed Mar 07 10:16:06 +0000 2018,0.58,0.42,0.0,"""Citizens have become traumatized. People are confused and frightened and many more are refusing to return to their… https://t.co/3I9mkvKTWT"
The New York Times,0.4215,Wed Mar 07 10:00:10 +0000 2018,0.877,0.0,0.123,"George Nader, an adviser to the United Arab Emirates who grew close to Steve Bannon and Jared Kushner, is cooperati… https://t.co/EGTzbbvr4L"
The New York Times,0.4404,Wed Mar 07 09:44:01 +0000 2018,0.813,0.0,0.187,RT @nytimesworld: North Korea’s sudden willingness to bargain with the Trump administration over scrapping the North's atomic arsenal raise…
The New York Times,-0.8126,Wed Mar 07 09:30:06 +0000 2018,0.709,0.291,0.0,"UN investigators have linked Russian forces to a possible war crime in Syria for the first time, reporting that a R… https://t.co/ynSAIA0FwQ"
The New York Times,-0.5106,Wed Mar 07 09:16:04 +0000 2018,0.852,0.148,0.0,RT @nytimesworld: A jaywalker who insulted a female police officer has become the first man convicted under a Belgian law against public se…
The New York Times,-0.3875,Wed Mar 07 09:02:03 +0000 2018,0.792,0.208,0.0,"Stormy Daniels files suit, claiming Trump never signed ""hush agreement"" https://t.co/M7cjoMjSYQ"
The New York Times,-0.5994,Wed Mar 07 08:47:02 +0000 2018,0.813,0.187,0.0,"RT @nytimesworld: As North Korea opens the door to diplomacy, an assassination leads to new American sanctions https://t.co/5EbNUH1qLJ"
The New York Times,-0.3612,Wed Mar 07 08:32:07 +0000 2018,0.8,0.2,0.0,"Low-effort, high-reward cooking for when you're hungry and exhausted https://t.co/BisvP4ThKl https://t.co/BFtCXRh0IA"
The New York Times,0.0,Wed Mar 07 08:17:02 +0000 2018,1.0,0.0,0.0,RT @AKannapell: What We’re Reading: @JaneMayerNYer on Christopher Steele (via @jimrutenberg) and @nkulish on tallness in @topicstories (via…
The New York Times,0.4019,Wed Mar 07 08:09:43 +0000 2018,0.816,0.0,0.184,TRENDING: How Skipping Hotel Housekeeping Can Help the Environment and Your Wallet https://t.co/xygqPAPdZD
The New York Times,0.0,Wed Mar 07 08:02:03 +0000 2018,1.0,0.0,0.0,"In one of China’s biggest cities, the women-only subway cars are full of men https://t.co/yvtLlhRESu"
The New York Times,0.0,Wed Mar 07 07:38:54 +0000 2018,1.0,0.0,0.0,"The actress Cynthia Nixon is talking with 2 veteran Democratic political operatives, a sign that she may be moving… https://t.co/DUSvcFYKbv"
The New York Times,0.0,Wed Mar 07 07:21:27 +0000 2018,1.0,0.0,0.0,One famous designer chair is oozing goop. Another has exploded into puffs of foam. A bookcase’s shelves bubbled as… https://t.co/3PXFWCB6Fn
The New York Times,0.4404,Wed Mar 07 07:04:23 +0000 2018,0.868,0.0,0.132,"""It's always good news when you find penguins,"" a researcher says of the discovery of 1.5 million Adélie penguins i… https://t.co/RRHHQZW7LO"
The New York Times,0.4404,Wed Mar 07 06:48:04 +0000 2018,0.813,0.0,0.187,RT @nytimesworld: North Korea’s sudden willingness to bargain with the Trump administration over scrapping the North's atomic arsenal raise…
The New York Times,0.0,Wed Mar 07 06:41:56 +0000 2018,1.0,0.0,0.0,"Texas Democrats Surge to Polls, in Show of Anti-Trump Sentiment https://t.co/PBsqMXisUY"
The New York Times,-0.8316,Wed Mar 07 06:21:01 +0000 2018,0.372,0.496,0.132,The organizer of the failed Fyre Festival pleaded guilty to federal fraud charges https://t.co/qCeFSNOPKz
The New York Times,0.3182,Wed Mar 07 06:03:13 +0000 2018,0.769,0.086,0.145,"A cruise skeptic tries to enjoy 4 days on the high seas with his family, Mickey and a bunch of princesses https://t.co/novYdBgYIt"
The New York Times,0.4588,Wed Mar 07 05:47:04 +0000 2018,0.726,0.094,0.179,"RT @nytimestravel: Did @jadabird, our 52 Places Traveler, love @DisneySprings. No. But she did have some magical moments. https://t.co/eojt…"
The New York Times,0.0,Wed Mar 07 05:32:02 +0000 2018,1.0,0.0,0.0,How the shape of your ears affects what you hear https://t.co/Dzj8tebpZE
The New York Times,0.3895,Wed Mar 07 05:17:02 +0000 2018,0.743,0.077,0.18,"RT @nytopinion: I got my son involuntarily committed, and it backfired. Laws like the Baker Act aren't a solution to our mental health cris…"
